variant_id,chrom,context,direction,ag_eff,ag_dir,correct
11:113447023:C>G,11,neural progenitor (hiPSC NPC MPRA),1,-0.03954655925432841,-1,0
11:113479898:C>G,11,neural progenitor (hiPSC NPC MPRA),-1,-0.00743327538172404,-1,1
11:113485457:T>C,11,neural progenitor (hiPSC NPC MPRA),-1,-0.03839984039465586,-1,1
11:113503698:A>C,11,neural progenitor (hiPSC NPC MPRA),-1,0.022571946183840435,1,0
11:124744061:A>G,11,neural progenitor (hiPSC NPC MPRA),-1,0.03183872501055399,1,0
11:130847511:T>G,11,neural progenitor (hiPSC NPC MPRA),1,-0.01889340082804362,-1,0
11:130847545:T>C,11,neural progenitor (hiPSC NPC MPRA),1,0.001759171485900879,1,1
11:130848816:T>G,11,neural progenitor (hiPSC NPC MPRA),-1,0.00669214129447937,1,0
11:130849072:A>G,11,neural progenitor (hiPSC NPC MPRA),1,0.04877068599065145,1,1
11:130859535:T>C,11,neural progenitor (hiPSC NPC MPRA),-1,-0.02854124704996745,-1,1
11:130859810:T>C,11,neural progenitor (hiPSC NPC MPRA),1,-0.015831192334493,-1,0
11:130860633:T>C,11,neural progenitor (hiPSC NPC MPRA),1,0.00934468706448873,1,1
11:130861186:A>G,11,neural progenitor (hiPSC NPC MPRA),-1,0.007388065258661906,1,0
11:130863983:A>G,11,neural progenitor (hiPSC NPC MPRA),1,0.03783248861630758,1,1
11:130865587:T>C,11,neural progenitor (hiPSC NPC MPRA),-1,0.08492443958918254,1,0
11:130873493:T>C,11,neural progenitor (hiPSC NPC MPRA),1,0.04720039665699005,1,1
11:130875150:T>C,11,neural progenitor (hiPSC NPC MPRA),-1,0.12956180175145468,1,0
11:130881199:T>G,11,neural progenitor (hiPSC NPC MPRA),-1,0.006265173355738322,1,0
11:130881366:A>C,11,neural progenitor (hiPSC NPC MPRA),1,0.027094741662343342,1,1
11:130885889:T>G,11,neural progenitor (hiPSC NPC MPRA),-1,0.020360658566157024,1,0
11:130885918:T>C,11,neural progenitor (hiPSC NPC MPRA),-1,0.005518198013305664,1,0
11:130886281:T>C,11,neural progenitor (hiPSC NPC MPRA),-1,0.013888061046600342,1,0
11:130886358:T>C,11,neural progenitor (hiPSC NPC MPRA),-1,0.02036510904630025,1,0
11:130886737:T>C,11,neural progenitor (hiPSC NPC MPRA),-1,0.03331212202707926,1,0
11:130886769:C>G,11,neural progenitor (hiPSC NPC MPRA),1,0.018247793118158977,1,1
11:130896330:T>C,11,neural progenitor (hiPSC NPC MPRA),-1,-0.0009788274765014648,-1,1
11:130897591:T>G,11,neural progenitor (hiPSC NPC MPRA),-1,0.05153420567512512,1,0
11:130899138:T>C,11,neural progenitor (hiPSC NPC MPRA),-1,0.020484824975331623,1,0
11:130907991:A>G,11,neural progenitor (hiPSC NPC MPRA),-1,-0.01829424500465393,-1,1
11:130924460:A>C,11,neural progenitor (hiPSC NPC MPRA),-1,0.01816028356552124,1,0
11:130926353:A>G,11,neural progenitor (hiPSC NPC MPRA),1,-0.008955175677935282,-1,0
11:130935439:T>C,11,neural progenitor (hiPSC NPC MPRA),-1,-0.0016171435515085857,-1,1
11:130938790:T>C,11,neural progenitor (hiPSC NPC MPRA),-1,0.05928192536036173,1,0
11:130940387:T>C,11,neural progenitor (hiPSC NPC MPRA),1,0.000771046926577886,1,1
11:130949739:A>G,11,neural progenitor (hiPSC NPC MPRA),1,0.01473026474316915,1,1
11:130960868:T>C,11,neural progenitor (hiPSC NPC MPRA),-1,0.04865551615754763,1,0
11:130979459:A>T,11,neural progenitor (hiPSC NPC MPRA),1,0.013882497946421305,1,1
11:131000320:T>G,11,neural progenitor (hiPSC NPC MPRA),-1,0.02087503671646118,1,0
11:131001061:T>C,11,neural progenitor (hiPSC NPC MPRA),-1,0.07410148034493129,1,0
11:131002456:A>T,11,neural progenitor (hiPSC NPC MPRA),1,-0.01221156120300293,-1,0
11:131007247:T>C,11,neural progenitor (hiPSC NPC MPRA),-1,0.033579885959625244,1,0
11:131019955:A>G,11,neural progenitor (hiPSC NPC MPRA),1,0.03621006508668264,1,1
11:133952238:A>G,11,neural progenitor (hiPSC NPC MPRA),-1,0.12337310115496318,1,0
11:133959547:A>G,11,neural progenitor (hiPSC NPC MPRA),-1,0.01950042446454366,1,0
11:133964209:T>C,11,neural progenitor (hiPSC NPC MPRA),1,0.01410942276318868,1,1
11:133969665:A>G,11,neural progenitor (hiPSC NPC MPRA),1,0.016832619905471802,1,1
11:133969693:A>G,11,neural progenitor (hiPSC NPC MPRA),1,0.016502946615219116,1,1
11:133971139:T>C,11,neural progenitor (hiPSC NPC MPRA),1,-0.003630747397740682,-1,0
11:133971684:T>C,11,neural progenitor (hiPSC NPC MPRA),-1,-0.0001939833164215088,-1,1
11:133983113:T>C,11,neural progenitor (hiPSC NPC MPRA),-1,-0.018633921941121418,-1,1
11:20660026:A>G,11,neural progenitor (hiPSC NPC MPRA),-1,-0.00609441598256429,-1,1
11:31797787:C>G,11,neural progenitor (hiPSC NPC MPRA),1,-0.020721932252248127,-1,0
11:31819578:T>G,11,neural progenitor (hiPSC NPC MPRA),-1,0.021015524864196777,1,0
11:31829493:T>C,11,neural progenitor (hiPSC NPC MPRA),1,-0.00021707514921824136,-1,0
11:46328319:T>C,11,neural progenitor (hiPSC NPC MPRA),-1,-0.00866834819316864,-1,1
11:46330716:C>G,11,neural progenitor (hiPSC NPC MPRA),1,-0.031027495861053467,-1,0
11:46355307:A>G,11,neural progenitor (hiPSC NPC MPRA),1,0.005772302548090617,1,1
11:46356220:T>C,11,neural progenitor (hiPSC NPC MPRA),1,0.022964417934417725,1,1
11:46417165:A>C,11,neural progenitor (hiPSC NPC MPRA),1,-0.22613222897052765,-1,0
11:46424714:A>C,11,neural progenitor (hiPSC NPC MPRA),1,-0.007239227493604024,-1,0
11:46434794:T>C,11,neural progenitor (hiPSC NPC MPRA),-1,-0.0023260911305745444,-1,1
11:46449277:T>C,11,neural progenitor (hiPSC NPC MPRA),-1,-0.0022762765487035117,-1,1
11:46452392:A>G,11,neural progenitor (hiPSC NPC MPRA),1,0.05270788570245107,1,1
11:46462398:T>C,11,neural progenitor (hiPSC NPC MPRA),-1,-0.01209232211112976,-1,1
11:46493454:C>G,11,neural progenitor (hiPSC NPC MPRA),-1,-0.01663332184155782,-1,1
11:46502839:T>G,11,neural progenitor (hiPSC NPC MPRA),-1,0.11715856194496155,1,0
11:46531849:A>G,11,neural progenitor (hiPSC NPC MPRA),1,-0.0016921162605285645,-1,0
11:46556973:T>C,11,neural progenitor (hiPSC NPC MPRA),1,-0.0014002273480097454,-1,0
11:46560522:A>C,11,neural progenitor (hiPSC NPC MPRA),-1,0.0030107821027437844,1,0
11:46577698:C>G,11,neural progenitor (hiPSC NPC MPRA),1,0.058565691113471985,1,1
11:46613413:A>T,11,neural progenitor (hiPSC NPC MPRA),-1,-0.010665814081827799,-1,1
11:46628888:T>C,11,neural progenitor (hiPSC NPC MPRA),-1,-0.014579584201176962,-1,1
11:46639000:A>T,11,neural progenitor (hiPSC NPC MPRA),-1,0.01548120379447937,1,0
11:46644721:T>G,11,neural progenitor (hiPSC NPC MPRA),1,-0.0022363911072413125,-1,0
11:46675592:T>C,11,neural progenitor (hiPSC NPC MPRA),1,0.0524442990620931,1,1
11:46707565:T>G,11,neural progenitor (hiPSC NPC MPRA),-1,0.021456807851791382,1,0
11:46708493:T>C,11,neural progenitor (hiPSC NPC MPRA),-1,0.024542922774950664,1,0
11:57643829:C>G,11,neural progenitor (hiPSC NPC MPRA),1,0.0067762235800425214,1,1
11:57678800:A>G,11,neural progenitor (hiPSC NPC MPRA),-1,0.0189228355884552,1,0
11:57697917:T>C,11,neural progenitor (hiPSC NPC MPRA),1,0.05300504962603251,1,1
11:57712392:T>C,11,neural progenitor (hiPSC NPC MPRA),-1,0.028670708338419598,1,0
11:57713151:A>C,11,neural progenitor (hiPSC NPC MPRA),-1,0.017132143179575603,1,0
11:57723278:A>G,11,neural progenitor (hiPSC NPC MPRA),1,-0.008391196529070536,-1,0
11:57724754:A>G,11,neural progenitor (hiPSC NPC MPRA),-1,0.021964867909749348,1,0
11:57726726:T>C,11,neural progenitor (hiPSC NPC MPRA),1,-0.02146664261817932,-1,0
11:57756617:C>G,11,neural progenitor (hiPSC NPC MPRA),1,-0.0049958427747090655,-1,0
11:57792980:A>C,11,neural progenitor (hiPSC NPC MPRA),-1,-0.01838567852973938,-1,1
11:57875145:T>C,11,neural progenitor (hiPSC NPC MPRA),-1,-0.015261918306350708,-1,1
11:57887133:C>G,11,neural progenitor (hiPSC NPC MPRA),-1,-0.04098786413669586,-1,1
11:57893560:A>G,11,neural progenitor (hiPSC NPC MPRA),1,0.0058420101801554365,1,1
11:57897864:A>C,11,neural progenitor (hiPSC NPC MPRA),1,0.046501035491625466,1,1
11:57899750:T>C,11,neural progenitor (hiPSC NPC MPRA),1,0.03148638208707174,1,1
11:61785208:T>G,11,neural progenitor (hiPSC NPC MPRA),-1,-0.017542143662770588,-1,1
11:61801834:C>G,11,neural progenitor (hiPSC NPC MPRA),-1,-0.0016364753246307373,-1,1
11:61802358:T>C,11,neural progenitor (hiPSC NPC MPRA),-1,0.010401328404744467,1,0
11:61803311:T>C,11,neural progenitor (hiPSC NPC MPRA),-1,-0.00012455383936564127,-1,1
11:61803876:C>G,11,neural progenitor (hiPSC NPC MPRA),-1,-0.0014169613520304363,-1,1
11:61817672:A>G,11,neural progenitor (hiPSC NPC MPRA),-1,0.06641443570454915,1,0
11:61822009:A>G,11,neural progenitor (hiPSC NPC MPRA),1,0.03381668527921041,1,1
11:61824890:A>G,11,neural progenitor (hiPSC NPC MPRA),1,-0.015310625235239664,-1,0
11:61826344:T>C,11,neural progenitor (hiPSC NPC MPRA),1,-0.00228994091351827,-1,0
11:61839170:A>G,11,neural progenitor (hiPSC NPC MPRA),1,-0.02053976058959961,-1,0
11:61842278:T>C,11,neural progenitor (hiPSC NPC MPRA),1,0.08988187710444133,1,1
11:63827600:A>C,11,neural progenitor (hiPSC NPC MPRA),-1,-0.007320702075958252,-1,1
11:63837705:A>G,11,neural progenitor (hiPSC NPC MPRA),1,0.007288793722788493,1,1
11:63846749:A>G,11,neural progenitor (hiPSC NPC MPRA),1,-0.023839587966601055,-1,0
11:63850910:T>C,11,neural progenitor (hiPSC NPC MPRA),1,0.03514643510182699,1,1
11:63854558:A>G,11,neural progenitor (hiPSC NPC MPRA),1,-0.013565093278884888,-1,0
11:63859792:T>C,11,neural progenitor (hiPSC NPC MPRA),1,0.0004420777161916097,1,1
11:63874993:C>G,11,neural progenitor (hiPSC NPC MPRA),1,0.030218899250030518,1,1
11:63885600:T>C,11,neural progenitor (hiPSC NPC MPRA),1,0.00935185452302297,1,1
11:63890022:A>G,11,neural progenitor (hiPSC NPC MPRA),1,-0.038456072409947716,-1,0
11:63894348:T>C,11,neural progenitor (hiPSC NPC MPRA),1,-0.02304553985595703,-1,0
11:63896718:T>G,11,neural progenitor (hiPSC NPC MPRA),1,-0.018646806478500366,-1,0
11:63896834:A>G,11,neural progenitor (hiPSC NPC MPRA),-1,-0.052829205989837646,-1,1
11:63923577:T>C,11,neural progenitor (hiPSC NPC MPRA),1,0.017775187889734905,1,1
11:63949244:C>G,11,neural progenitor (hiPSC NPC MPRA),-1,-0.03278389573097229,-1,1
11:63959345:A>G,11,neural progenitor (hiPSC NPC MPRA),-1,-0.008482525746027628,-1,1
11:63962009:A>G,11,neural progenitor (hiPSC NPC MPRA),1,0.06320448716481526,1,1
11:63969148:A>G,11,neural progenitor (hiPSC NPC MPRA),-1,0.02803248167037964,1,0
11:63974038:A>T,11,neural progenitor (hiPSC NPC MPRA),-1,0.005884726842244466,1,0
11:63980613:T>C,11,neural progenitor (hiPSC NPC MPRA),1,-0.03617859880129496,-1,0
11:64003407:T>C,11,neural progenitor (hiPSC NPC MPRA),-1,0.009052753448486328,1,0
11:64008793:A>G,11,neural progenitor (hiPSC NPC MPRA),-1,0.0030284523963928223,1,0
11:64010697:A>G,11,neural progenitor (hiPSC NPC MPRA),1,0.02031150460243225,1,1
11:64017876:A>G,11,neural progenitor (hiPSC NPC MPRA),1,0.03678322831789652,1,1
11:64025296:A>G,11,neural progenitor (hiPSC NPC MPRA),1,0.02901366353034973,1,1
11:81328703:A>T,11,neural progenitor (hiPSC NPC MPRA),1,0.015715956687927246,1,1
11:81335211:T>C,11,neural progenitor (hiPSC NPC MPRA),-1,0.020096353099991877,1,0
19:19246803:A>G,19,neural progenitor (hiPSC NPC MPRA),-1,0.061293755968411766,1,0
19:19247398:T>C,19,neural progenitor (hiPSC NPC MPRA),1,0.01372214655081431,1,1
19:19247523:A>G,19,neural progenitor (hiPSC NPC MPRA),1,-0.012900575995445251,-1,0
19:19247863:A>C,19,neural progenitor (hiPSC NPC MPRA),1,0.01286668082078298,1,1
19:19248249:A>C,19,neural progenitor (hiPSC NPC MPRA),1,0.07234784464041392,1,1
19:19256381:A>G,19,neural progenitor (hiPSC NPC MPRA),1,-0.0250507394472758,-1,0
19:19256510:C>G,19,neural progenitor (hiPSC NPC MPRA),1,0.09548536936442058,1,1
19:19257455:A>G,19,neural progenitor (hiPSC NPC MPRA),1,-0.02105549971262614,-1,0
19:19274602:T>C,19,neural progenitor (hiPSC NPC MPRA),-1,0.014350791772206625,1,0
19:19279376:A>G,19,neural progenitor (hiPSC NPC MPRA),1,-0.007158209880193074,-1,0
19:19280593:T>C,19,neural progenitor (hiPSC NPC MPRA),-1,-0.22430547078450522,-1,1
19:19282844:A>G,19,neural progenitor (hiPSC NPC MPRA),1,-0.00438252588113149,-1,0
19:19282874:A>G,19,neural progenitor (hiPSC NPC MPRA),1,-0.019362767537434895,-1,0
19:19293977:C>G,19,neural progenitor (hiPSC NPC MPRA),1,-0.029147664705912273,-1,0
19:19299671:T>C,19,neural progenitor (hiPSC NPC MPRA),-1,0.005333408713340759,1,0
19:19315508:T>C,19,neural progenitor (hiPSC NPC MPRA),-1,-0.0009563565254211426,-1,1
19:19315800:T>C,19,neural progenitor (hiPSC NPC MPRA),-1,-0.001265863577524821,-1,1
19:19328822:A>T,19,neural progenitor (hiPSC NPC MPRA),1,0.0022081236044565835,1,1
19:19333177:T>C,19,neural progenitor (hiPSC NPC MPRA),-1,0.020191684365272522,1,0
19:19337391:A>G,19,neural progenitor (hiPSC NPC MPRA),-1,0.025284965833028156,1,0
19:19344019:A>G,19,neural progenitor (hiPSC NPC MPRA),1,0.00441207488377889,1,1
19:19347099:A>C,19,neural progenitor (hiPSC NPC MPRA),-1,0.01396167278289795,1,0
19:19356276:C>G,19,neural progenitor (hiPSC NPC MPRA),-1,-0.003839592138926188,-1,1
19:19360874:T>C,19,neural progenitor (hiPSC NPC MPRA),1,0.044221763809521995,1,1
19:19367214:T>G,19,neural progenitor (hiPSC NPC MPRA),1,-0.008001287778218588,-1,0
19:19367242:T>C,19,neural progenitor (hiPSC NPC MPRA),1,0.001390973726908366,1,1
19:19369127:A>C,19,neural progenitor (hiPSC NPC MPRA),1,-0.02118554214636485,-1,0
19:19369290:A>G,19,neural progenitor (hiPSC NPC MPRA),1,0.0685550222794215,1,1
19:19371749:C>G,19,neural progenitor (hiPSC NPC MPRA),1,-0.07051844398180644,-1,0
19:19372102:T>G,19,neural progenitor (hiPSC NPC MPRA),-1,-0.019430110851923626,-1,1
19:19388159:A>G,19,neural progenitor (hiPSC NPC MPRA),-1,-0.023932923873265583,-1,1
19:19401508:T>C,19,neural progenitor (hiPSC NPC MPRA),1,0.006765842437744141,1,1
19:19419781:C>G,19,neural progenitor (hiPSC NPC MPRA),-1,-0.020738502343495686,-1,1
19:19434887:A>G,19,neural progenitor (hiPSC NPC MPRA),-1,-0.007849266131718954,-1,1
19:19439655:A>C,19,neural progenitor (hiPSC NPC MPRA),-1,-0.009481380383173624,-1,1
19:19441815:T>C,19,neural progenitor (hiPSC NPC MPRA),1,-0.004384289185206096,-1,0
19:19443916:T>C,19,neural progenitor (hiPSC NPC MPRA),-1,0.0007404088973999023,1,0
19:19447659:A>G,19,neural progenitor (hiPSC NPC MPRA),1,0.009223540623982748,1,1
19:19461299:T>G,19,neural progenitor (hiPSC NPC MPRA),-1,0.02950217326482137,1,0
19:19509491:C>G,19,neural progenitor (hiPSC NPC MPRA),-1,0.021297534306844074,1,0
19:19510229:T>C,19,neural progenitor (hiPSC NPC MPRA),1,-0.021975189447402954,-1,0
19:19515972:T>G,19,neural progenitor (hiPSC NPC MPRA),1,0.03018192450205485,1,1
19:19532827:C>G,19,neural progenitor (hiPSC NPC MPRA),-1,0.014970252911249796,1,0
19:19538827:A>G,19,neural progenitor (hiPSC NPC MPRA),-1,0.16580434640248617,1,0
19:19542173:T>C,19,neural progenitor (hiPSC NPC MPRA),1,0.008332510789235434,1,1
19:19543380:A>G,19,neural progenitor (hiPSC NPC MPRA),-1,-0.017143189907073975,-1,1
19:19581770:T>C,19,neural progenitor (hiPSC NPC MPRA),1,-0.004008561372756958,-1,0
19:19586904:A>C,19,neural progenitor (hiPSC NPC MPRA),-1,-0.08362034459908803,-1,1
19:19589154:T>C,19,neural progenitor (hiPSC NPC MPRA),1,0.01904510458310445,1,1
19:19606924:A>G,19,neural progenitor (hiPSC NPC MPRA),1,-0.032525072495142617,-1,0
19:19646453:C>G,19,neural progenitor (hiPSC NPC MPRA),1,-0.008114546537399292,-1,0
19:19667237:A>G,19,neural progenitor (hiPSC NPC MPRA),-1,-0.008970081806182861,-1,1
19:36901916:A>G,19,neural progenitor (hiPSC NPC MPRA),-1,-0.00701133410135905,-1,1
19:36904541:A>G,19,neural progenitor (hiPSC NPC MPRA),-1,0.08004944523175557,1,0
19:36976681:T>C,19,neural progenitor (hiPSC NPC MPRA),1,-0.000708612302939097,-1,0
2:156254801:T>C,2,neural progenitor (hiPSC NPC MPRA),-1,-0.08875846366087596,-1,1
2:156261664:A>G,2,neural progenitor (hiPSC NPC MPRA),-1,0.03201791395743688,1,0
2:156270128:A>G,2,neural progenitor (hiPSC NPC MPRA),1,0.006302298977971077,1,1
2:156276501:T>C,2,neural progenitor (hiPSC NPC MPRA),-1,-0.008561104536056519,-1,1
2:156279907:A>G,2,neural progenitor (hiPSC NPC MPRA),-1,-0.0806048313776652,-1,1
2:156283250:A>T,2,neural progenitor (hiPSC NPC MPRA),1,0.003814751903216044,1,1
2:156289029:T>G,2,neural progenitor (hiPSC NPC MPRA),1,0.021789367000261944,1,1
2:156293676:A>G,2,neural progenitor (hiPSC NPC MPRA),-1,-0.036573794980843864,-1,1
2:184624494:C>G,2,neural progenitor (hiPSC NPC MPRA),-1,0.007613797361652057,1,0
2:184634813:T>G,2,neural progenitor (hiPSC NPC MPRA),1,0.29593245188395184,1,1
2:184718106:A>G,2,neural progenitor (hiPSC NPC MPRA),-1,-0.0070480455954869585,-1,1
2:184736693:T>C,2,neural progenitor (hiPSC NPC MPRA),1,0.0005575567483901978,1,1
2:184931618:T>C,2,neural progenitor (hiPSC NPC MPRA),1,-0.03401143352190653,-1,0
2:184937020:A>G,2,neural progenitor (hiPSC NPC MPRA),-1,0.058193156495690346,1,0
2:184988738:A>T,2,neural progenitor (hiPSC NPC MPRA),-1,0.023075684905052185,1,0
2:185160345:A>T,2,neural progenitor (hiPSC NPC MPRA),1,-0.00067103646385173,-1,0
2:185179900:A>G,2,neural progenitor (hiPSC NPC MPRA),1,0.015759433309237163,1,1
2:185182339:A>G,2,neural progenitor (hiPSC NPC MPRA),1,0.016398149232069652,1,1
2:192983614:A>C,2,neural progenitor (hiPSC NPC MPRA),1,0.06344705323378245,1,1
2:193036134:A>G,2,neural progenitor (hiPSC NPC MPRA),-1,-0.003636739798821509,-1,1
2:193386474:A>T,2,neural progenitor (hiPSC NPC MPRA),1,-0.0036124388376871743,-1,0
2:193387246:A>T,2,neural progenitor (hiPSC NPC MPRA),-1,0.0002645523442576329,1,0
2:193392177:T>C,2,neural progenitor (hiPSC NPC MPRA),-1,0.056655059258143105,1,0
2:193392687:T>C,2,neural progenitor (hiPSC NPC MPRA),1,0.0213824858268102,1,1
2:193397415:A>G,2,neural progenitor (hiPSC NPC MPRA),-1,0.03373510638872782,1,0
2:193400282:A>G,2,neural progenitor (hiPSC NPC MPRA),1,0.03862449751856426,1,1
2:193400782:A>G,2,neural progenitor (hiPSC NPC MPRA),1,0.03248244027296702,1,1
2:193403021:A>G,2,neural progenitor (hiPSC NPC MPRA),1,-0.0008775616685549418,-1,0
2:193405174:A>G,2,neural progenitor (hiPSC NPC MPRA),1,0.016310428579648335,1,1
2:193407970:T>C,2,neural progenitor (hiPSC NPC MPRA),1,0.016971728454033535,1,1
2:193411943:A>G,2,neural progenitor (hiPSC NPC MPRA),1,0.009424631794293722,1,1
2:193413860:A>C,2,neural progenitor (hiPSC NPC MPRA),-1,0.009411404530207316,1,0
2:193419759:T>C,2,neural progenitor (hiPSC NPC MPRA),1,0.09675059219201405,1,1
2:193421228:A>G,2,neural progenitor (hiPSC NPC MPRA),1,-0.010713082738220692,-1,0
2:193422830:T>G,2,neural progenitor (hiPSC NPC MPRA),1,0.037408395359913506,1,1
2:193450768:C>G,2,neural progenitor (hiPSC NPC MPRA),-1,-0.010497240039209524,-1,1
2:193463992:T>G,2,neural progenitor (hiPSC NPC MPRA),-1,0.037670997281869255,1,0
2:193474371:T>C,2,neural progenitor (hiPSC NPC MPRA),-1,0.011968264977137247,1,0
2:193474588:A>G,2,neural progenitor (hiPSC NPC MPRA),1,0.0004369219144185384,1,1
2:193500846:T>C,2,neural progenitor (hiPSC NPC MPRA),1,0.03243130445480347,1,1
2:193503183:A>G,2,neural progenitor (hiPSC NPC MPRA),1,-0.00044662753740946454,-1,0
2:193503384:C>G,2,neural progenitor (hiPSC NPC MPRA),-1,-0.009811252355575562,-1,1
2:193503777:C>G,2,neural progenitor (hiPSC NPC MPRA),1,0.02398029963175456,1,1
2:193504494:A>C,2,neural progenitor (hiPSC NPC MPRA),-1,0.014248382300138474,1,0
2:193506537:A>G,2,neural progenitor (hiPSC NPC MPRA),-1,0.01186591386795044,1,0
2:193509201:A>G,2,neural progenitor (hiPSC NPC MPRA),1,0.13696178793907166,1,1
2:193509296:A>G,2,neural progenitor (hiPSC NPC MPRA),-1,0.13654117782910666,1,0
2:193511083:T>G,2,neural progenitor (hiPSC NPC MPRA),-1,0.0639650324980418,1,0
2:193512545:T>C,2,neural progenitor (hiPSC NPC MPRA),-1,0.0293829341729482,1,0
2:193513344:T>C,2,neural progenitor (hiPSC NPC MPRA),1,0.010973282779256502,1,1
2:193515201:T>G,2,neural progenitor (hiPSC NPC MPRA),1,-0.002556299169858297,-1,0
2:193516374:A>G,2,neural progenitor (hiPSC NPC MPRA),-1,-0.04582316676775614,-1,1
2:193521106:A>T,2,neural progenitor (hiPSC NPC MPRA),1,0.10481674720843633,1,1
2:193530962:A>G,2,neural progenitor (hiPSC NPC MPRA),-1,0.011428078015645346,1,0
2:193562821:A>G,2,neural progenitor (hiPSC NPC MPRA),-1,0.013025710980097452,1,0
2:193565816:T>C,2,neural progenitor (hiPSC NPC MPRA),1,0.01271926611661911,1,1
2:193567844:T>C,2,neural progenitor (hiPSC NPC MPRA),-1,0.04185929397741953,1,0
2:193573990:A>G,2,neural progenitor (hiPSC NPC MPRA),1,0.008795565372565761,1,1
2:193585153:A>G,2,neural progenitor (hiPSC NPC MPRA),-1,0.005634744962056478,1,0
2:193587367:A>G,2,neural progenitor (hiPSC NPC MPRA),-1,0.01362996424237887,1,0
2:193588004:T>C,2,neural progenitor (hiPSC NPC MPRA),-1,0.01216509317358335,1,0
2:193592925:T>C,2,neural progenitor (hiPSC NPC MPRA),1,-0.02424730857213338,-1,0
2:193598264:A>G,2,neural progenitor (hiPSC NPC MPRA),1,0.01855611801147461,1,1
2:193606414:T>C,2,neural progenitor (hiPSC NPC MPRA),1,0.00989526349682516,1,1
2:193608872:A>G,2,neural progenitor (hiPSC NPC MPRA),1,0.012531234494720897,1,1
2:193609050:T>G,2,neural progenitor (hiPSC NPC MPRA),1,0.01676180570696791,1,1
2:193611587:T>C,2,neural progenitor (hiPSC NPC MPRA),1,0.014521781357567912,1,1
2:193616820:A>G,2,neural progenitor (hiPSC NPC MPRA),1,-0.002236132820447286,-1,0
2:193624671:T>G,2,neural progenitor (hiPSC NPC MPRA),1,-0.06237918138504028,-1,0
2:193627627:T>C,2,neural progenitor (hiPSC NPC MPRA),-1,0.026108553012212116,1,0
2:193635058:T>G,2,neural progenitor (hiPSC NPC MPRA),-1,0.01601460451881091,1,0
2:193637726:T>C,2,neural progenitor (hiPSC NPC MPRA),-1,0.06696919366368093,1,0
2:193646860:T>C,2,neural progenitor (hiPSC NPC MPRA),-1,0.01093224436044693,1,0
2:193655169:A>G,2,neural progenitor (hiPSC NPC MPRA),1,-0.012245610356330872,-1,0
2:193656840:A>C,2,neural progenitor (hiPSC NPC MPRA),1,0.015069591347128153,1,1
2:193664706:T>C,2,neural progenitor (hiPSC NPC MPRA),1,0.01710367202758789,1,1
2:193666402:T>G,2,neural progenitor (hiPSC NPC MPRA),1,0.0029903252919514975,1,1
2:193683172:C>G,2,neural progenitor (hiPSC NPC MPRA),1,-0.00806423525015513,-1,0
2:193693635:A>T,2,neural progenitor (hiPSC NPC MPRA),1,-0.021989216407140095,-1,0
2:193696844:A>G,2,neural progenitor (hiPSC NPC MPRA),1,0.009959792097409567,1,1
2:193705056:T>C,2,neural progenitor (hiPSC NPC MPRA),1,-0.19377888614932695,-1,0
2:193708773:A>G,2,neural progenitor (hiPSC NPC MPRA),-1,0.13105447206180543,1,0
2:193711514:A>C,2,neural progenitor (hiPSC NPC MPRA),1,0.012882717574636141,1,1
2:193718573:T>G,2,neural progenitor (hiPSC NPC MPRA),-1,0.006724800293644269,1,0
2:193720404:A>C,2,neural progenitor (hiPSC NPC MPRA),1,0.016297625746422757,1,1
2:193720729:T>G,2,neural progenitor (hiPSC NPC MPRA),1,0.027080661927660305,1,1
2:193721707:T>C,2,neural progenitor (hiPSC NPC MPRA),-1,0.014863777905702591,1,0
2:193736905:A>G,2,neural progenitor (hiPSC NPC MPRA),-1,0.0029287822544574738,1,0
2:193739325:A>C,2,neural progenitor (hiPSC NPC MPRA),1,0.033127546310424805,1,1
2:193739416:A>G,2,neural progenitor (hiPSC NPC MPRA),-1,0.03857609132925669,1,0
2:193762229:T>G,2,neural progenitor (hiPSC NPC MPRA),1,0.02533284326394399,1,1
2:193782915:T>C,2,neural progenitor (hiPSC NPC MPRA),1,-0.08399964372316997,-1,0
2:193785245:A>T,2,neural progenitor (hiPSC NPC MPRA),-1,-0.001301652043669795,-1,1
2:193785252:C>G,2,neural progenitor (hiPSC NPC MPRA),1,-0.009649134541784102,-1,0
2:193789260:T>C,2,neural progenitor (hiPSC NPC MPRA),1,0.004277782204250495,1,1
2:193789899:A>T,2,neural progenitor (hiPSC NPC MPRA),-1,0.01229524658022759,1,0
2:193792041:A>C,2,neural progenitor (hiPSC NPC MPRA),-1,0.3669503182172775,1,0
2:193797783:T>C,2,neural progenitor (hiPSC NPC MPRA),-1,0.030061424399415653,1,0
2:193797882:A>G,2,neural progenitor (hiPSC NPC MPRA),-1,0.048686033114790916,1,0
2:193798401:C>G,2,neural progenitor (hiPSC NPC MPRA),-1,0.035984113812446594,1,0
2:193799671:A>T,2,neural progenitor (hiPSC NPC MPRA),-1,-0.018427322308222454,-1,1
2:193810658:A>G,2,neural progenitor (hiPSC NPC MPRA),-1,-0.03653396169344584,-1,1
2:197283467:A>T,2,neural progenitor (hiPSC NPC MPRA),-1,0.0005446275075276693,1,0
2:197298975:A>G,2,neural progenitor (hiPSC NPC MPRA),-1,0.040991211930910744,1,0
2:197313250:A>G,2,neural progenitor (hiPSC NPC MPRA),-1,0.01630726456642151,1,0
2:197313685:A>G,2,neural progenitor (hiPSC NPC MPRA),-1,0.008071382840474447,1,0
2:197313884:T>C,2,neural progenitor (hiPSC NPC MPRA),-1,-0.007497052351633708,-1,1
2:197331484:A>G,2,neural progenitor (hiPSC NPC MPRA),1,-0.06438701351483662,-1,0
2:197345834:C>G,2,neural progenitor (hiPSC NPC MPRA),-1,-0.03396424154440562,-1,1
2:197351547:A>G,2,neural progenitor (hiPSC NPC MPRA),1,-0.04423887530962626,-1,0
2:197354308:T>C,2,neural progenitor (hiPSC NPC MPRA),1,0.024220744768778484,1,1
2:197358397:T>C,2,neural progenitor (hiPSC NPC MPRA),1,0.01492836078008016,1,1
2:197368851:T>G,2,neural progenitor (hiPSC NPC MPRA),1,0.021170248587926228,1,1
2:197372163:A>G,2,neural progenitor (hiPSC NPC MPRA),1,-0.03853328029314677,-1,0
2:197373499:T>C,2,neural progenitor (hiPSC NPC MPRA),1,0.019430354237556458,1,1
2:197380508:C>G,2,neural progenitor (hiPSC NPC MPRA),-1,0.05010845263799032,1,0
2:197393664:A>G,2,neural progenitor (hiPSC NPC MPRA),1,-0.007659479975700378,-1,0
2:197395374:A>T,2,neural progenitor (hiPSC NPC MPRA),1,-0.00448957085609436,-1,0
2:197396872:A>G,2,neural progenitor (hiPSC NPC MPRA),1,0.023870413502057392,1,1
2:197415862:T>C,2,neural progenitor (hiPSC NPC MPRA),-1,-0.01061717669169108,-1,1
2:197420830:C>G,2,neural progenitor (hiPSC NPC MPRA),1,0.02388748029867808,1,1
2:197448576:A>G,2,neural progenitor (hiPSC NPC MPRA),-1,0.003016894062360128,1,0
2:197449844:A>G,2,neural progenitor (hiPSC NPC MPRA),1,0.03042253355185191,1,1
2:197476057:A>G,2,neural progenitor (hiPSC NPC MPRA),-1,0.04460636774698893,1,0
2:197487569:A>G,2,neural progenitor (hiPSC NPC MPRA),1,0.050703734159469604,1,1
2:197489690:T>C,2,neural progenitor (hiPSC NPC MPRA),1,0.020070562760035198,1,1
2:197504646:T>C,2,neural progenitor (hiPSC NPC MPRA),-1,0.015091776847839355,1,0
2:197510605:C>G,2,neural progenitor (hiPSC NPC MPRA),1,-0.06471610069274902,-1,0
2:197536759:A>G,2,neural progenitor (hiPSC NPC MPRA),-1,0.022297764817873638,1,0
2:197538795:A>G,2,neural progenitor (hiPSC NPC MPRA),1,-0.007589866717656453,-1,0
2:197542453:A>G,2,neural progenitor (hiPSC NPC MPRA),-1,0.026702610154946644,1,0
2:197544668:A>G,2,neural progenitor (hiPSC NPC MPRA),-1,-0.03287275632222494,-1,1
2:197548968:C>G,2,neural progenitor (hiPSC NPC MPRA),-1,-0.005755960941314697,-1,1
2:197553263:A>G,2,neural progenitor (hiPSC NPC MPRA),1,-0.0015067060788472493,-1,0
2:197570556:A>G,2,neural progenitor (hiPSC NPC MPRA),1,-0.0015762845675150554,-1,0
2:197579899:C>G,2,neural progenitor (hiPSC NPC MPRA),1,-0.007230470577875773,-1,0
2:197588961:T>C,2,neural progenitor (hiPSC NPC MPRA),1,0.0007274895906448364,1,1
2:197598366:T>G,2,neural progenitor (hiPSC NPC MPRA),-1,0.0033368567625681558,1,0
2:197601549:T>C,2,neural progenitor (hiPSC NPC MPRA),1,0.041365730265776314,1,1
2:197613596:A>G,2,neural progenitor (hiPSC NPC MPRA),-1,-0.06091554959615072,-1,1
2:197615348:A>G,2,neural progenitor (hiPSC NPC MPRA),-1,-0.010290712118148804,-1,1
2:197624883:A>G,2,neural progenitor (hiPSC NPC MPRA),1,0.03242980440457662,1,1
2:197626386:T>C,2,neural progenitor (hiPSC NPC MPRA),1,0.017912209033966064,1,1
2:197630707:C>G,2,neural progenitor (hiPSC NPC MPRA),1,-0.007818856897453466,-1,0
2:197632788:T>G,2,neural progenitor (hiPSC NPC MPRA),-1,0.019102036952972412,1,0
2:197632985:T>C,2,neural progenitor (hiPSC NPC MPRA),1,0.005058030287424724,1,1
2:197640542:T>C,2,neural progenitor (hiPSC NPC MPRA),-1,-0.09221117695172627,-1,1
2:197644227:A>G,2,neural progenitor (hiPSC NPC MPRA),1,0.04468237360318502,1,1
2:197646362:A>G,2,neural progenitor (hiPSC NPC MPRA),-1,0.03788772225379944,1,0
2:197649206:A>G,2,neural progenitor (hiPSC NPC MPRA),-1,0.09397271617005269,1,0
2:197650200:T>C,2,neural progenitor (hiPSC NPC MPRA),-1,0.0018910466848562162,1,0
2:197651176:A>G,2,neural progenitor (hiPSC NPC MPRA),1,0.0066375335057576495,1,1
2:197665631:T>C,2,neural progenitor (hiPSC NPC MPRA),-1,0.005142913510402043,1,0
2:197666360:A>G,2,neural progenitor (hiPSC NPC MPRA),-1,-0.0066031813621521,-1,1
2:197668882:T>G,2,neural progenitor (hiPSC NPC MPRA),1,0.004297872384389241,1,1
2:197680738:A>G,2,neural progenitor (hiPSC NPC MPRA),-1,-0.00770715872446696,-1,1
2:197702914:C>G,2,neural progenitor (hiPSC NPC MPRA),1,0.030374134580294292,1,1
2:197704327:T>G,2,neural progenitor (hiPSC NPC MPRA),-1,0.050163825352986656,1,0
2:197720051:A>T,2,neural progenitor (hiPSC NPC MPRA),-1,-0.004586632053057353,-1,1
2:197723141:T>C,2,neural progenitor (hiPSC NPC MPRA),-1,0.016991008073091507,1,0
2:197729533:T>G,2,neural progenitor (hiPSC NPC MPRA),1,-0.11287958112855752,-1,0
2:197736006:T>G,2,neural progenitor (hiPSC NPC MPRA),1,0.07520218690236409,1,1
2:197749888:T>C,2,neural progenitor (hiPSC NPC MPRA),1,0.011415603260199228,1,1
2:197752167:A>G,2,neural progenitor (hiPSC NPC MPRA),1,0.07098795442531507,1,1
2:197763218:C>G,2,neural progenitor (hiPSC NPC MPRA),-1,0.03460109233856201,1,0
2:197790283:A>T,2,neural progenitor (hiPSC NPC MPRA),1,0.0051386356353759766,1,1
2:197808820:A>G,2,neural progenitor (hiPSC NPC MPRA),-1,0.02088276545206706,1,0
2:197819743:A>G,2,neural progenitor (hiPSC NPC MPRA),1,0.0005839069684346517,1,1
2:197825277:T>C,2,neural progenitor (hiPSC NPC MPRA),-1,0.02218531568845113,1,0
2:197826358:A>G,2,neural progenitor (hiPSC NPC MPRA),-1,0.021910592913627625,1,0
2:197828979:T>C,2,neural progenitor (hiPSC NPC MPRA),1,-0.012341474493344625,-1,0
2:197835492:A>G,2,neural progenitor (hiPSC NPC MPRA),-1,0.056454608837763466,1,0
2:197840094:T>G,2,neural progenitor (hiPSC NPC MPRA),-1,-0.017759107053279877,-1,1
2:197842192:T>C,2,neural progenitor (hiPSC NPC MPRA),1,-0.0015392154455184937,-1,0
2:197846778:A>C,2,neural progenitor (hiPSC NPC MPRA),1,0.06461636163294315,1,1
2:197848375:T>C,2,neural progenitor (hiPSC NPC MPRA),-1,0.04131154716014862,1,0
2:197856330:A>G,2,neural progenitor (hiPSC NPC MPRA),1,0.01286370555559794,1,1
2:197866506:T>G,2,neural progenitor (hiPSC NPC MPRA),-1,0.044345478216807045,1,0
2:197881391:C>G,2,neural progenitor (hiPSC NPC MPRA),-1,-0.0337542990843455,-1,1
2:197887562:T>C,2,neural progenitor (hiPSC NPC MPRA),-1,0.004210452238718669,1,0
2:197898155:T>C,2,neural progenitor (hiPSC NPC MPRA),-1,0.05336901545524597,1,0
2:197918969:T>C,2,neural progenitor (hiPSC NPC MPRA),1,0.024034430583318073,1,1
2:197925041:A>C,2,neural progenitor (hiPSC NPC MPRA),-1,0.024927796175082523,1,0
2:197940374:T>C,2,neural progenitor (hiPSC NPC MPRA),-1,0.034850358963012695,1,0
2:197944472:A>G,2,neural progenitor (hiPSC NPC MPRA),1,0.044850180546442665,1,1
2:197970382:T>G,2,neural progenitor (hiPSC NPC MPRA),1,0.006559441486994426,1,1
2:197974907:T>C,2,neural progenitor (hiPSC NPC MPRA),1,-0.011973013480504354,-1,0
2:197977520:A>G,2,neural progenitor (hiPSC NPC MPRA),1,0.035070459047953285,1,1
2:197994193:A>G,2,neural progenitor (hiPSC NPC MPRA),-1,0.003941923379898071,1,0
2:198015719:A>G,2,neural progenitor (hiPSC NPC MPRA),1,0.015669559439023335,1,1
2:198015757:A>C,2,neural progenitor (hiPSC NPC MPRA),-1,0.03780515491962433,1,0
2:198018149:T>G,2,neural progenitor (hiPSC NPC MPRA),-1,-0.008697768052419027,-1,1
2:198018228:A>G,2,neural progenitor (hiPSC NPC MPRA),-1,0.006188094615936279,1,0
2:198020701:T>G,2,neural progenitor (hiPSC NPC MPRA),1,0.04435604314009348,1,1
2:198036840:T>C,2,neural progenitor (hiPSC NPC MPRA),-1,-0.006713072458902995,-1,1
2:198037506:A>T,2,neural progenitor (hiPSC NPC MPRA),1,0.0007910554607709249,1,1
2:198042419:T>C,2,neural progenitor (hiPSC NPC MPRA),-1,0.1479488213857015,1,0
2:198053867:A>T,2,neural progenitor (hiPSC NPC MPRA),-1,0.015770246585210163,1,0
2:198055418:T>C,2,neural progenitor (hiPSC NPC MPRA),1,0.18558374047279358,1,1
2:198055836:A>C,2,neural progenitor (hiPSC NPC MPRA),1,0.05572578310966492,1,1
2:198063923:A>G,2,neural progenitor (hiPSC NPC MPRA),1,0.002320567766825358,1,1
2:198064362:A>G,2,neural progenitor (hiPSC NPC MPRA),-1,0.019388914108276367,1,0
2:198069356:A>G,2,neural progenitor (hiPSC NPC MPRA),-1,-0.022660185893376667,-1,1
2:198072358:T>C,2,neural progenitor (hiPSC NPC MPRA),-1,0.004233470186591148,1,0
2:199851396:A>C,2,neural progenitor (hiPSC NPC MPRA),-1,0.0026884078979492188,1,0
2:199865305:A>G,2,neural progenitor (hiPSC NPC MPRA),-1,0.02505907726784547,1,0
2:199886859:A>G,2,neural progenitor (hiPSC NPC MPRA),-1,0.03153481582800547,1,0
2:199921131:T>C,2,neural progenitor (hiPSC NPC MPRA),1,-0.006210654973983765,-1,0
2:199930147:T>C,2,neural progenitor (hiPSC NPC MPRA),-1,0.0245035986105601,1,0
2:199949997:A>T,2,neural progenitor (hiPSC NPC MPRA),1,0.029665355881055195,1,1
2:199950086:C>G,2,neural progenitor (hiPSC NPC MPRA),1,-0.008206930011510849,-1,0
2:199955071:A>G,2,neural progenitor (hiPSC NPC MPRA),-1,-0.0032085776329040527,-1,1
2:199958637:A>T,2,neural progenitor (hiPSC NPC MPRA),1,-0.013296703497568766,-1,0
2:199960517:A>T,2,neural progenitor (hiPSC NPC MPRA),1,0.007581442594528198,1,1
2:199965414:T>G,2,neural progenitor (hiPSC NPC MPRA),-1,0.0025070607662200928,1,0
2:199983267:A>G,2,neural progenitor (hiPSC NPC MPRA),1,0.03165613611539205,1,1
2:200009720:T>G,2,neural progenitor (hiPSC NPC MPRA),1,0.017833908398946125,1,1
2:200040413:A>C,2,neural progenitor (hiPSC NPC MPRA),1,0.07778727014859517,1,1
2:200045930:A>C,2,neural progenitor (hiPSC NPC MPRA),1,0.013370593388875326,1,1
2:200048730:T>C,2,neural progenitor (hiPSC NPC MPRA),1,0.027541617552439373,1,1
2:200051281:A>G,2,neural progenitor (hiPSC NPC MPRA),-1,0.03831479946772257,1,0
2:200051680:T>C,2,neural progenitor (hiPSC NPC MPRA),1,0.037857611974080406,1,1
2:200055113:T>C,2,neural progenitor (hiPSC NPC MPRA),-1,0.05436202883720398,1,0
2:200114342:T>C,2,neural progenitor (hiPSC NPC MPRA),1,0.23955732032967111,1,1
2:200121622:A>G,2,neural progenitor (hiPSC NPC MPRA),-1,-0.021690646807352703,-1,1
2:200124893:A>G,2,neural progenitor (hiPSC NPC MPRA),-1,0.031778961420059204,1,0
2:200132128:C>G,2,neural progenitor (hiPSC NPC MPRA),-1,0.013762068003416061,1,0
2:200132253:T>C,2,neural progenitor (hiPSC NPC MPRA),-1,0.011618461459875107,1,0
2:200133193:T>C,2,neural progenitor (hiPSC NPC MPRA),1,0.029164135456085205,1,1
2:200139114:A>C,2,neural progenitor (hiPSC NPC MPRA),-1,0.01573238770167033,1,0
2:200143663:T>G,2,neural progenitor (hiPSC NPC MPRA),1,0.03458122909069061,1,1
2:200145657:A>G,2,neural progenitor (hiPSC NPC MPRA),1,0.018561894694964092,1,1
2:200145804:A>G,2,neural progenitor (hiPSC NPC MPRA),-1,0.0276453693707784,1,0
2:200145953:C>G,2,neural progenitor (hiPSC NPC MPRA),1,-0.0029605229695638022,-1,0
2:200158229:T>G,2,neural progenitor (hiPSC NPC MPRA),-1,0.022164563337961834,1,0
2:200159789:T>C,2,neural progenitor (hiPSC NPC MPRA),1,0.0005060931046803793,1,1
2:200170370:T>C,2,neural progenitor (hiPSC NPC MPRA),1,0.06490559379259746,1,1
2:200192768:A>G,2,neural progenitor (hiPSC NPC MPRA),1,0.030317535003026325,1,1
2:200194648:A>C,2,neural progenitor (hiPSC NPC MPRA),1,0.02591711034377416,1,1
2:200201054:C>G,2,neural progenitor (hiPSC NPC MPRA),1,-0.01611498494942983,-1,0
2:200203279:A>G,2,neural progenitor (hiPSC NPC MPRA),1,0.002703895171483358,1,1
2:200231016:A>G,2,neural progenitor (hiPSC NPC MPRA),-1,0.07051215941707294,1,0
2:200235238:A>G,2,neural progenitor (hiPSC NPC MPRA),-1,0.03807200491428375,1,0
2:200252130:A>G,2,neural progenitor (hiPSC NPC MPRA),1,0.004426084458827972,1,1
2:200267654:A>G,2,neural progenitor (hiPSC NPC MPRA),1,0.036377390225728355,1,1
2:200279663:A>T,2,neural progenitor (hiPSC NPC MPRA),-1,-0.06287819147109985,-1,1
2:200281676:A>G,2,neural progenitor (hiPSC NPC MPRA),1,0.0021839638551076255,1,1
2:214239716:A>G,2,neural progenitor (hiPSC NPC MPRA),-1,0.006464208165804545,1,0
2:214253305:A>T,2,neural progenitor (hiPSC NPC MPRA),-1,-0.03935191656152407,-1,1
2:214287997:T>C,2,neural progenitor (hiPSC NPC MPRA),-1,0.01479281485080719,1,0
2:214314553:A>C,2,neural progenitor (hiPSC NPC MPRA),-1,0.019164233778913815,1,0
2:214329944:T>G,2,neural progenitor (hiPSC NPC MPRA),1,0.009054328004519144,1,1
2:214544446:A>G,2,neural progenitor (hiPSC NPC MPRA),-1,0.007910400629043579,1,0
2:22208250:C>G,2,neural progenitor (hiPSC NPC MPRA),1,0.004712412754694621,1,1
2:22215530:A>G,2,neural progenitor (hiPSC NPC MPRA),1,-0.0229224960009257,-1,0
2:22219520:A>G,2,neural progenitor (hiPSC NPC MPRA),-1,0.021644810835520428,1,0
2:22223008:A>G,2,neural progenitor (hiPSC NPC MPRA),-1,0.015254462758700052,1,0
2:22225571:A>G,2,neural progenitor (hiPSC NPC MPRA),-1,0.017506790657838184,1,0
2:22236500:T>C,2,neural progenitor (hiPSC NPC MPRA),1,0.009387056032816568,1,1
2:22256396:A>G,2,neural progenitor (hiPSC NPC MPRA),1,0.015752981106440227,1,1
2:22261848:A>T,2,neural progenitor (hiPSC NPC MPRA),-1,-0.030783934518694878,-1,1
2:22268268:T>C,2,neural progenitor (hiPSC NPC MPRA),-1,0.0038459772864977517,1,0
2:22272432:T>C,2,neural progenitor (hiPSC NPC MPRA),-1,0.01011611521244049,1,0
2:22275607:T>C,2,neural progenitor (hiPSC NPC MPRA),-1,0.00951536496480306,1,0
2:22292479:T>C,2,neural progenitor (hiPSC NPC MPRA),1,0.0190047153737396,1,1
2:22292624:T>C,2,neural progenitor (hiPSC NPC MPRA),-1,0.00046904633442560834,1,0
2:22301992:A>G,2,neural progenitor (hiPSC NPC MPRA),-1,0.048201411962509155,1,0
2:22305008:T>C,2,neural progenitor (hiPSC NPC MPRA),-1,0.04807696491479874,1,0
2:22309500:A>G,2,neural progenitor (hiPSC NPC MPRA),1,0.02325008437037468,1,1
2:22312694:A>C,2,neural progenitor (hiPSC NPC MPRA),-1,0.009574091372390589,1,0
2:22314392:A>C,2,neural progenitor (hiPSC NPC MPRA),-1,0.01237940602004528,1,0
2:22315610:T>G,2,neural progenitor (hiPSC NPC MPRA),-1,0.01099798952539762,1,0
2:22317580:T>G,2,neural progenitor (hiPSC NPC MPRA),1,0.001253942648569743,1,1
2:22322155:A>C,2,neural progenitor (hiPSC NPC MPRA),-1,0.03610126177469889,1,0
2:22328233:A>C,2,neural progenitor (hiPSC NPC MPRA),1,0.023342326283454895,1,1
2:22331569:A>G,2,neural progenitor (hiPSC NPC MPRA),1,0.0006474355856577555,1,1
2:22332277:A>G,2,neural progenitor (hiPSC NPC MPRA),1,0.014128665129343668,1,1
2:22332395:T>C,2,neural progenitor (hiPSC NPC MPRA),1,0.013425300518671671,1,1
2:22332849:A>G,2,neural progenitor (hiPSC NPC MPRA),1,-0.01302837332089742,-1,0
2:22334109:T>C,2,neural progenitor (hiPSC NPC MPRA),-1,0.11704172690709432,1,0
2:22335144:C>G,2,neural progenitor (hiPSC NPC MPRA),1,-0.009568790594736734,-1,0
2:22339590:C>G,2,neural progenitor (hiPSC NPC MPRA),1,0.024637068311373394,1,1
2:22340789:A>T,2,neural progenitor (hiPSC NPC MPRA),1,0.019031842549641926,1,1
2:22341379:A>G,2,neural progenitor (hiPSC NPC MPRA),1,-0.006337255239486694,-1,0
2:22366970:T>C,2,neural progenitor (hiPSC NPC MPRA),-1,0.018529256184895832,1,0
2:22367228:A>G,2,neural progenitor (hiPSC NPC MPRA),1,-0.05603727698326111,-1,0
2:22372307:T>C,2,neural progenitor (hiPSC NPC MPRA),1,0.03620736300945282,1,1
2:22376054:T>C,2,neural progenitor (hiPSC NPC MPRA),1,-0.016199549039204914,-1,0
2:22378060:T>G,2,neural progenitor (hiPSC NPC MPRA),1,0.015377730131149292,1,1
2:22379527:T>C,2,neural progenitor (hiPSC NPC MPRA),1,0.012468377749125162,1,1
2:22381486:C>G,2,neural progenitor (hiPSC NPC MPRA),-1,0.06810081998507182,1,0
2:22388610:T>C,2,neural progenitor (hiPSC NPC MPRA),1,0.02117653687795003,1,1
2:22398424:A>T,2,neural progenitor (hiPSC NPC MPRA),1,0.008658642570177713,1,1
2:22410279:T>C,2,neural progenitor (hiPSC NPC MPRA),1,0.014343810811017951,1,1
2:22418350:A>G,2,neural progenitor (hiPSC NPC MPRA),1,-0.0035072962443033853,-1,0
2:22427801:T>G,2,neural progenitor (hiPSC NPC MPRA),1,0.038863410552342735,1,1
2:22429350:A>C,2,neural progenitor (hiPSC NPC MPRA),-1,0.008328224221865336,1,0
2:22444125:A>C,2,neural progenitor (hiPSC NPC MPRA),1,0.012172166258096695,1,1
2:22450634:T>C,2,neural progenitor (hiPSC NPC MPRA),1,0.01196168859799703,1,1
2:22451350:T>C,2,neural progenitor (hiPSC NPC MPRA),1,0.03404762844244639,1,1
2:22451389:C>G,2,neural progenitor (hiPSC NPC MPRA),1,-0.014103427529335022,-1,0
2:22462218:T>C,2,neural progenitor (hiPSC NPC MPRA),-1,0.08114805817604065,1,0
2:22473535:T>C,2,neural progenitor (hiPSC NPC MPRA),1,0.02586818238099416,1,1
2:22487030:A>C,2,neural progenitor (hiPSC NPC MPRA),1,0.006090641021728516,1,1
2:22489444:T>G,2,neural progenitor (hiPSC NPC MPRA),1,0.022448331117630005,1,1
2:22493347:A>T,2,neural progenitor (hiPSC NPC MPRA),1,0.03011876344680786,1,1
2:22495271:A>G,2,neural progenitor (hiPSC NPC MPRA),1,-0.0013312349716822307,-1,0
2:22503707:A>G,2,neural progenitor (hiPSC NPC MPRA),1,0.01610681787133217,1,1
2:22504949:T>C,2,neural progenitor (hiPSC NPC MPRA),-1,0.019936257662872475,1,0
2:22509148:T>C,2,neural progenitor (hiPSC NPC MPRA),1,-0.024378339449564617,-1,0
2:22512769:T>C,2,neural progenitor (hiPSC NPC MPRA),1,0.013545982539653778,1,1
2:22512878:A>G,2,neural progenitor (hiPSC NPC MPRA),-1,0.013170919691522917,1,0
2:22515637:A>G,2,neural progenitor (hiPSC NPC MPRA),-1,-0.001431494951248169,-1,1
2:22515853:A>T,2,neural progenitor (hiPSC NPC MPRA),-1,0.0005836089452107748,1,0
2:22517727:A>C,2,neural progenitor (hiPSC NPC MPRA),1,0.011780721445878347,1,1
2:22526253:A>T,2,neural progenitor (hiPSC NPC MPRA),-1,-0.012843382855256399,-1,1
2:22531594:A>G,2,neural progenitor (hiPSC NPC MPRA),-1,0.01232247551282247,1,0
2:232695593:A>T,2,neural progenitor (hiPSC NPC MPRA),-1,0.049586464961369835,1,0
2:232714924:T>C,2,neural progenitor (hiPSC NPC MPRA),1,0.14938567082087198,1,1
2:232772212:T>C,2,neural progenitor (hiPSC NPC MPRA),1,-0.004285116990407308,-1,0
2:232781260:A>G,2,neural progenitor (hiPSC NPC MPRA),-1,0.03266445298989614,1,0
2:232802077:A>G,2,neural progenitor (hiPSC NPC MPRA),-1,0.008357156068086624,1,0
2:232834120:A>G,2,neural progenitor (hiPSC NPC MPRA),1,0.03617145617802938,1,1
2:232843683:A>G,2,neural progenitor (hiPSC NPC MPRA),1,-0.024602343638737995,-1,0
2:232844755:T>G,2,neural progenitor (hiPSC NPC MPRA),1,0.0353560745716095,1,1
2:232848527:A>G,2,neural progenitor (hiPSC NPC MPRA),1,0.0015751769145329793,1,1
2:232855238:T>C,2,neural progenitor (hiPSC NPC MPRA),-1,0.02772669990857442,1,0
2:232878399:A>G,2,neural progenitor (hiPSC NPC MPRA),1,0.005557984113693237,1,1
2:232894985:C>G,2,neural progenitor (hiPSC NPC MPRA),-1,-0.012130101521809896,-1,1
2:232913149:T>C,2,neural progenitor (hiPSC NPC MPRA),1,-0.05021339158217112,-1,0
2:232924024:A>G,2,neural progenitor (hiPSC NPC MPRA),1,-0.0063332319259643555,-1,0
2:232925461:A>C,2,neural progenitor (hiPSC NPC MPRA),-1,-0.0009687840938568115,-1,1
2:232925579:C>G,2,neural progenitor (hiPSC NPC MPRA),1,0.014979491631189982,1,1
2:232925765:A>G,2,neural progenitor (hiPSC NPC MPRA),-1,0.019318501154581707,1,0
2:232940348:T>C,2,neural progenitor (hiPSC NPC MPRA),-1,0.20524819691975912,1,0
2:232942061:A>C,2,neural progenitor (hiPSC NPC MPRA),-1,-0.0585771898428599,-1,1
2:27729368:A>T,2,neural progenitor (hiPSC NPC MPRA),1,0.013556480407714844,1,1
2:27729539:T>C,2,neural progenitor (hiPSC NPC MPRA),1,0.0024803380171457925,1,1
2:27729900:C>G,2,neural progenitor (hiPSC NPC MPRA),-1,0.01386625568072001,1,0
2:27733614:T>C,2,neural progenitor (hiPSC NPC MPRA),1,0.010626306136449179,1,1
2:27745587:A>C,2,neural progenitor (hiPSC NPC MPRA),1,0.002149730920791626,1,1
2:27749578:A>G,2,neural progenitor (hiPSC NPC MPRA),1,0.01635815699895223,1,1
2:27752104:A>G,2,neural progenitor (hiPSC NPC MPRA),-1,-0.02709383765856425,-1,1
2:27752527:T>C,2,neural progenitor (hiPSC NPC MPRA),-1,-0.06646951039632161,-1,1
2:27777857:C>G,2,neural progenitor (hiPSC NPC MPRA),-1,0.09484366575876872,1,0
2:27784205:A>G,2,neural progenitor (hiPSC NPC MPRA),1,-0.0017444988091786702,-1,0
2:27795426:A>G,2,neural progenitor (hiPSC NPC MPRA),1,0.05994582176208496,1,1
2:27798099:A>T,2,neural progenitor (hiPSC NPC MPRA),-1,0.04279025395711263,1,0
2:27798176:T>G,2,neural progenitor (hiPSC NPC MPRA),1,0.009392221768697103,1,1
2:27801157:T>G,2,neural progenitor (hiPSC NPC MPRA),1,0.028773804505666096,1,1
2:27802117:T>C,2,neural progenitor (hiPSC NPC MPRA),1,0.00789890686670939,1,1
2:27807570:A>G,2,neural progenitor (hiPSC NPC MPRA),-1,-0.13315099477767944,-1,1
2:27816433:C>G,2,neural progenitor (hiPSC NPC MPRA),1,0.02330961326758067,1,1
2:27816605:T>G,2,neural progenitor (hiPSC NPC MPRA),1,0.006130014856656392,1,1
2:27819192:T>C,2,neural progenitor (hiPSC NPC MPRA),1,0.017051900426546734,1,1
2:27834262:C>G,2,neural progenitor (hiPSC NPC MPRA),-1,-0.01674493153889974,-1,1
2:27850112:C>G,2,neural progenitor (hiPSC NPC MPRA),-1,-0.000917444626490275,-1,1
2:27856127:A>G,2,neural progenitor (hiPSC NPC MPRA),1,0.015113448103268942,1,1
2:27862677:A>C,2,neural progenitor (hiPSC NPC MPRA),-1,0.01596750815709432,1,0
2:28013253:T>C,2,neural progenitor (hiPSC NPC MPRA),1,0.01674083371957143,1,1
2:57702880:T>C,2,neural progenitor (hiPSC NPC MPRA),-1,0.023995249221722286,1,0
2:57718387:A>G,2,neural progenitor (hiPSC NPC MPRA),1,-0.0007281601428985596,-1,0
2:57721500:A>G,2,neural progenitor (hiPSC NPC MPRA),1,0.008125325043996176,1,1
2:57723211:A>G,2,neural progenitor (hiPSC NPC MPRA),-1,0.022593011458714802,1,0
2:57729398:T>G,2,neural progenitor (hiPSC NPC MPRA),1,0.08178891241550446,1,1
2:57745699:A>C,2,neural progenitor (hiPSC NPC MPRA),-1,0.010295376181602478,1,0
2:57747294:A>T,2,neural progenitor (hiPSC NPC MPRA),-1,0.0031928581496079764,1,0
2:57779438:A>G,2,neural progenitor (hiPSC NPC MPRA),-1,-0.012118205428123474,-1,1
2:57787696:T>C,2,neural progenitor (hiPSC NPC MPRA),1,0.03176164533942938,1,1
2:57794393:A>G,2,neural progenitor (hiPSC NPC MPRA),-1,0.009890556335449219,1,0
2:57795874:A>T,2,neural progenitor (hiPSC NPC MPRA),-1,0.015644356608390808,1,0
2:57795999:T>C,2,neural progenitor (hiPSC NPC MPRA),1,0.014470860362052917,1,1
2:57798802:T>C,2,neural progenitor (hiPSC NPC MPRA),1,0.037233442068099976,1,1
2:57804894:C>G,2,neural progenitor (hiPSC NPC MPRA),1,0.016769877014060814,1,1
2:57816774:A>T,2,neural progenitor (hiPSC NPC MPRA),1,0.0005000246067841848,1,1
2:57817085:A>G,2,neural progenitor (hiPSC NPC MPRA),-1,0.00521679874509573,1,0
2:57823121:A>G,2,neural progenitor (hiPSC NPC MPRA),-1,0.033277772134169936,1,0
2:57838801:A>T,2,neural progenitor (hiPSC NPC MPRA),-1,0.006802703952416778,1,0
2:57843944:A>T,2,neural progenitor (hiPSC NPC MPRA),1,0.007480422655741374,1,1
2:57844458:A>C,2,neural progenitor (hiPSC NPC MPRA),-1,-0.004897217945350955,-1,1
2:57844611:T>C,2,neural progenitor (hiPSC NPC MPRA),-1,0.0256634615167665,1,0
2:57851804:T>G,2,neural progenitor (hiPSC NPC MPRA),-1,0.049158239271491766,1,0
2:57856034:A>C,2,neural progenitor (hiPSC NPC MPRA),1,0.012404069304466248,1,1
2:57865619:T>C,2,neural progenitor (hiPSC NPC MPRA),1,0.0004986027876536051,1,1
2:57883929:A>G,2,neural progenitor (hiPSC NPC MPRA),1,-0.004380329744890332,-1,0
2:57889505:T>C,2,neural progenitor (hiPSC NPC MPRA),-1,-0.005336334307988484,-1,1
2:57891987:A>G,2,neural progenitor (hiPSC NPC MPRA),1,-0.01302330195903778,-1,0
2:57897224:A>G,2,neural progenitor (hiPSC NPC MPRA),-1,0.038258167604605355,1,0
2:57900512:A>G,2,neural progenitor (hiPSC NPC MPRA),-1,0.046321739753087364,1,0
2:57907323:A>G,2,neural progenitor (hiPSC NPC MPRA),-1,0.011358370383580526,1,0
2:57908737:A>G,2,neural progenitor (hiPSC NPC MPRA),1,-0.015860532720883686,-1,0
2:57909085:C>G,2,neural progenitor (hiPSC NPC MPRA),1,-0.08559671541055043,-1,0
2:57910483:T>C,2,neural progenitor (hiPSC NPC MPRA),-1,0.024380023280779522,1,0
2:57911057:A>T,2,neural progenitor (hiPSC NPC MPRA),1,-0.006595840056737264,-1,0
2:57916132:A>C,2,neural progenitor (hiPSC NPC MPRA),1,0.011798774202664694,1,1
2:57916719:A>C,2,neural progenitor (hiPSC NPC MPRA),1,0.07741691047946613,1,1
2:57921214:T>C,2,neural progenitor (hiPSC NPC MPRA),1,0.004951248566309611,1,1
2:57922023:T>C,2,neural progenitor (hiPSC NPC MPRA),-1,-0.00566380408902963,-1,1
2:57926239:A>C,2,neural progenitor (hiPSC NPC MPRA),1,0.008963059013088545,1,1
2:57926240:A>T,2,neural progenitor (hiPSC NPC MPRA),1,-0.009166360522309938,-1,0
2:57928118:T>C,2,neural progenitor (hiPSC NPC MPRA),-1,0.0029987534508109093,1,0
2:57932988:A>C,2,neural progenitor (hiPSC NPC MPRA),1,0.009123654415210089,1,1
2:57933470:A>G,2,neural progenitor (hiPSC NPC MPRA),1,0.002491593360900879,1,1
2:57936011:T>G,2,neural progenitor (hiPSC NPC MPRA),1,0.018311118086179096,1,1
2:57937088:A>G,2,neural progenitor (hiPSC NPC MPRA),1,0.05085569123427073,1,1
2:57937300:T>C,2,neural progenitor (hiPSC NPC MPRA),1,0.010973962644735972,1,1
2:57937997:A>G,2,neural progenitor (hiPSC NPC MPRA),1,0.08000550170739491,1,1
2:57939333:T>C,2,neural progenitor (hiPSC NPC MPRA),-1,0.0014060204848647118,1,0
2:57939625:T>C,2,neural progenitor (hiPSC NPC MPRA),-1,0.012421909409264723,1,0
2:57940008:A>G,2,neural progenitor (hiPSC NPC MPRA),1,0.005638539791107178,1,1
2:57940123:T>G,2,neural progenitor (hiPSC NPC MPRA),1,0.02549073100090027,1,1
2:57949947:A>C,2,neural progenitor (hiPSC NPC MPRA),1,0.00699939951300621,1,1
2:57980939:A>G,2,neural progenitor (hiPSC NPC MPRA),-1,0.04281956764558951,1,0
2:58004179:T>C,2,neural progenitor (hiPSC NPC MPRA),1,0.059666906793912254,1,1
2:58045367:T>C,2,neural progenitor (hiPSC NPC MPRA),1,0.034665862719217934,1,1
2:58070529:A>G,2,neural progenitor (hiPSC NPC MPRA),1,0.040730188290278115,1,1
2:58081323:A>G,2,neural progenitor (hiPSC NPC MPRA),1,0.30734426341950893,1,1
2:58108546:T>C,2,neural progenitor (hiPSC NPC MPRA),1,0.03342181444168091,1,1
2:58110951:A>G,2,neural progenitor (hiPSC NPC MPRA),1,-0.06850997606913249,-1,0
2:58117054:A>G,2,neural progenitor (hiPSC NPC MPRA),1,-0.027486030012369156,-1,0
2:58133999:A>G,2,neural progenitor (hiPSC NPC MPRA),1,0.01787299911181132,1,1
2:58135026:A>G,2,neural progenitor (hiPSC NPC MPRA),1,0.019760812322298687,1,1
2:58149879:T>C,2,neural progenitor (hiPSC NPC MPRA),1,0.04571096350749334,1,1
2:58156685:T>C,2,neural progenitor (hiPSC NPC MPRA),-1,0.03955846248815457,1,0
2:58164435:A>T,2,neural progenitor (hiPSC NPC MPRA),-1,0.010435878920058409,1,0
2:58172770:C>G,2,neural progenitor (hiPSC NPC MPRA),1,-0.1268307293454806,-1,0
2:58175346:C>G,2,neural progenitor (hiPSC NPC MPRA),-1,-0.03904911225739246,-1,1
2:58188980:A>C,2,neural progenitor (hiPSC NPC MPRA),1,0.013319243987401327,1,1
2:58192514:A>C,2,neural progenitor (hiPSC NPC MPRA),-1,0.01941847475245595,1,0
2:96717270:T>C,2,neural progenitor (hiPSC NPC MPRA),-1,0.029575894276301067,1,0
2:96727041:A>G,2,neural progenitor (hiPSC NPC MPRA),1,0.01198639472325643,1,1
2:96772253:T>C,2,neural progenitor (hiPSC NPC MPRA),1,-0.0032066802183787027,-1,0
2:96775906:A>G,2,neural progenitor (hiPSC NPC MPRA),-1,0.026096105575561523,1,0
2:96788913:T>G,2,neural progenitor (hiPSC NPC MPRA),-1,0.06852286060651143,1,0
2:96792699:T>C,2,neural progenitor (hiPSC NPC MPRA),1,0.06342929601669312,1,1
6:11732590:T>C,6,neural progenitor (hiPSC NPC MPRA),1,-0.03165666262308756,-1,0
6:27844037:A>G,6,neural progenitor (hiPSC NPC MPRA),-1,-0.019290809830029804,-1,1
6:27846035:T>G,6,neural progenitor (hiPSC NPC MPRA),1,0.021811435619990032,1,1
6:27847716:A>C,6,neural progenitor (hiPSC NPC MPRA),-1,0.047506287693977356,1,0
6:27847861:A>G,6,neural progenitor (hiPSC NPC MPRA),-1,0.029262108107407887,1,0
6:27856988:C>G,6,neural progenitor (hiPSC NPC MPRA),1,0.06638766328493755,1,1
6:27866307:A>G,6,neural progenitor (hiPSC NPC MPRA),1,-0.020469963550567627,-1,0
6:27867440:A>G,6,neural progenitor (hiPSC NPC MPRA),1,0.019837955633799236,1,1
6:27867494:T>C,6,neural progenitor (hiPSC NPC MPRA),-1,0.017698268095652264,1,0
6:27869198:T>C,6,neural progenitor (hiPSC NPC MPRA),1,0.028630077838897705,1,1
6:27870986:C>G,6,neural progenitor (hiPSC NPC MPRA),1,0.041843608021736145,1,1
6:27878966:C>G,6,neural progenitor (hiPSC NPC MPRA),1,0.003658751646677653,1,1
6:27886982:A>C,6,neural progenitor (hiPSC NPC MPRA),-1,0.016869808236757915,1,0
6:27894374:T>C,6,neural progenitor (hiPSC NPC MPRA),1,0.010070105393727621,1,1
6:27898606:A>G,6,neural progenitor (hiPSC NPC MPRA),1,0.048849339286486305,1,1
6:27899165:C>G,6,neural progenitor (hiPSC NPC MPRA),1,0.008833651741345724,1,1
6:27901014:T>C,6,neural progenitor (hiPSC NPC MPRA),1,-0.02001712719599406,-1,0
6:27910960:T>G,6,neural progenitor (hiPSC NPC MPRA),1,0.02638467401266098,1,1
6:27911422:A>C,6,neural progenitor (hiPSC NPC MPRA),-1,0.008099377155303955,1,0
6:27912204:A>G,6,neural progenitor (hiPSC NPC MPRA),-1,0.041918158531188965,1,0
6:27916234:T>C,6,neural progenitor (hiPSC NPC MPRA),-1,0.012033234039942423,1,0
6:27970706:A>G,6,neural progenitor (hiPSC NPC MPRA),-1,0.017700084795554478,1,0
6:28002253:T>G,6,neural progenitor (hiPSC NPC MPRA),-1,0.03165425360202789,1,0
6:28002927:A>C,6,neural progenitor (hiPSC NPC MPRA),-1,0.05279866854349772,1,0
6:28004655:A>T,6,neural progenitor (hiPSC NPC MPRA),-1,-0.10128419597943623,-1,1
6:28009717:T>C,6,neural progenitor (hiPSC NPC MPRA),1,0.016927773753801983,1,1
6:28015835:T>G,6,neural progenitor (hiPSC NPC MPRA),1,0.02109600106875102,1,1
6:28023229:A>G,6,neural progenitor (hiPSC NPC MPRA),-1,-0.1424887015358157,-1,1
6:28025120:A>G,6,neural progenitor (hiPSC NPC MPRA),-1,-0.08936639952056187,-1,1
6:28033832:T>C,6,neural progenitor (hiPSC NPC MPRA),1,0.011345600088437399,1,1
6:28056708:C>G,6,neural progenitor (hiPSC NPC MPRA),-1,0.0030005574226379395,1,0
6:28065309:T>C,6,neural progenitor (hiPSC NPC MPRA),1,0.027118926246960957,1,1
6:28065618:A>C,6,neural progenitor (hiPSC NPC MPRA),1,0.02747104565302531,1,1
6:28071151:A>G,6,neural progenitor (hiPSC NPC MPRA),1,0.0024302303791046143,1,1
6:28073041:A>T,6,neural progenitor (hiPSC NPC MPRA),1,-0.025781328479448955,-1,0
6:28074687:C>G,6,neural progenitor (hiPSC NPC MPRA),1,0.0033423701922098794,1,1
6:28076704:A>G,6,neural progenitor (hiPSC NPC MPRA),-1,0.011555751164754232,1,0
6:28078391:A>C,6,neural progenitor (hiPSC NPC MPRA),1,-0.021064817905426025,-1,0
6:28082269:A>T,6,neural progenitor (hiPSC NPC MPRA),-1,0.007038384675979614,1,0
6:28098023:T>C,6,neural progenitor (hiPSC NPC MPRA),1,-0.014240299661954245,-1,0
6:28098110:T>C,6,neural progenitor (hiPSC NPC MPRA),1,-0.042129382491111755,-1,0
6:28108492:A>G,6,neural progenitor (hiPSC NPC MPRA),1,0.059010217587153115,1,1
6:28110525:A>G,6,neural progenitor (hiPSC NPC MPRA),-1,0.009004294872283936,1,0
6:28110578:A>G,6,neural progenitor (hiPSC NPC MPRA),-1,0.023429935177167256,1,0
6:28111650:T>C,6,neural progenitor (hiPSC NPC MPRA),1,0.031547908981641136,1,1
6:28114933:T>C,6,neural progenitor (hiPSC NPC MPRA),1,-0.004951953887939453,-1,0
6:28115743:C>G,6,neural progenitor (hiPSC NPC MPRA),1,0.009560863176981607,1,1
6:28124825:T>G,6,neural progenitor (hiPSC NPC MPRA),-1,0.01551516850789388,1,0
6:28126953:T>C,6,neural progenitor (hiPSC NPC MPRA),1,0.11745846271514893,1,1
6:28128502:A>G,6,neural progenitor (hiPSC NPC MPRA),1,0.022813260555267334,1,1
6:28133900:C>G,6,neural progenitor (hiPSC NPC MPRA),1,-0.00029462575912475586,-1,0
6:28136698:T>C,6,neural progenitor (hiPSC NPC MPRA),1,0.0008918642997741699,1,1
6:28136856:T>G,6,neural progenitor (hiPSC NPC MPRA),-1,0.04572983582814535,1,0
6:28137418:T>C,6,neural progenitor (hiPSC NPC MPRA),1,-0.07285366455713908,-1,0
6:28139876:T>C,6,neural progenitor (hiPSC NPC MPRA),1,0.038709898789723717,1,1
6:28141010:T>C,6,neural progenitor (hiPSC NPC MPRA),1,0.03524223963419596,1,1
6:28143336:A>G,6,neural progenitor (hiPSC NPC MPRA),-1,0.007004971305529277,1,0
6:28144784:A>G,6,neural progenitor (hiPSC NPC MPRA),1,0.03993204732735952,1,1
6:28145595:A>G,6,neural progenitor (hiPSC NPC MPRA),1,0.040581087271372475,1,1
6:28147558:A>T,6,neural progenitor (hiPSC NPC MPRA),-1,0.003122374415397644,1,0
6:28149665:C>G,6,neural progenitor (hiPSC NPC MPRA),1,-0.018614818652470905,-1,0
6:28151096:T>G,6,neural progenitor (hiPSC NPC MPRA),-1,-0.0026627779006958008,-1,1
6:28164580:A>C,6,neural progenitor (hiPSC NPC MPRA),1,0.012284109989802042,1,1
6:28165528:A>G,6,neural progenitor (hiPSC NPC MPRA),-1,0.0011624892552693684,1,0
6:28168578:A>G,6,neural progenitor (hiPSC NPC MPRA),-1,0.018871386845906574,1,0
6:28169676:A>G,6,neural progenitor (hiPSC NPC MPRA),-1,-0.0035060097773869834,-1,1
6:28176973:A>G,6,neural progenitor (hiPSC NPC MPRA),-1,0.03911013778027458,1,0
6:28179607:A>G,6,neural progenitor (hiPSC NPC MPRA),1,0.01341127355893453,1,1
6:28180077:A>G,6,neural progenitor (hiPSC NPC MPRA),-1,0.02855361004670461,1,0
6:28182464:A>G,6,neural progenitor (hiPSC NPC MPRA),1,0.004308638473351796,1,1
6:28183100:T>C,6,neural progenitor (hiPSC NPC MPRA),1,-0.03071578840414683,-1,0
6:28186119:T>G,6,neural progenitor (hiPSC NPC MPRA),1,0.04318134478914241,1,1
6:28194691:T>C,6,neural progenitor (hiPSC NPC MPRA),1,-0.017289360364278156,-1,0
6:28200255:A>G,6,neural progenitor (hiPSC NPC MPRA),-1,0.054089014728864036,1,0
6:28201463:A>G,6,neural progenitor (hiPSC NPC MPRA),1,0.03048405796289444,1,1
6:28205175:A>G,6,neural progenitor (hiPSC NPC MPRA),-1,0.012711169819037119,1,0
6:28230678:T>C,6,neural progenitor (hiPSC NPC MPRA),-1,0.013077214360237122,1,0
6:28231986:A>G,6,neural progenitor (hiPSC NPC MPRA),1,0.005992268522580464,1,1
6:28232159:C>G,6,neural progenitor (hiPSC NPC MPRA),1,0.06642136971155803,1,1
6:28233753:A>G,6,neural progenitor (hiPSC NPC MPRA),-1,0.020483076572418213,1,0
6:28239585:T>C,6,neural progenitor (hiPSC NPC MPRA),1,0.005066432058811188,1,1
6:28242910:T>C,6,neural progenitor (hiPSC NPC MPRA),-1,0.017839600642522175,1,0
6:28255953:T>C,6,neural progenitor (hiPSC NPC MPRA),1,0.015057380000750223,1,1
6:28260564:A>G,6,neural progenitor (hiPSC NPC MPRA),1,0.017670542001724243,1,1
6:28273214:T>G,6,neural progenitor (hiPSC NPC MPRA),-1,0.003458678722381592,1,0
6:28273304:A>G,6,neural progenitor (hiPSC NPC MPRA),-1,0.03148858745892843,1,0
6:28275265:A>G,6,neural progenitor (hiPSC NPC MPRA),-1,0.009442736705144247,1,0
6:28287263:C>G,6,neural progenitor (hiPSC NPC MPRA),1,0.013101662198702494,1,1
6:28289600:T>C,6,neural progenitor (hiPSC NPC MPRA),-1,0.011361340681711832,1,0
6:28310911:A>G,6,neural progenitor (hiPSC NPC MPRA),-1,0.014418065547943115,1,0
6:28318208:A>G,6,neural progenitor (hiPSC NPC MPRA),-1,-0.0015391906102498372,-1,1
6:28322870:T>C,6,neural progenitor (hiPSC NPC MPRA),1,-0.0025923152764638266,-1,0
6:28329086:A>C,6,neural progenitor (hiPSC NPC MPRA),-1,0.0030273894468943277,1,0
6:28333366:T>C,6,neural progenitor (hiPSC NPC MPRA),1,0.020963509877522785,1,1
6:28335007:A>G,6,neural progenitor (hiPSC NPC MPRA),-1,0.013795197010040283,1,0
6:28337827:A>G,6,neural progenitor (hiPSC NPC MPRA),-1,0.030299832423528034,1,0
6:28338035:A>C,6,neural progenitor (hiPSC NPC MPRA),1,-0.04026880860328674,-1,0
6:28340970:A>T,6,neural progenitor (hiPSC NPC MPRA),-1,0.030386296411355335,1,0
6:28348181:A>T,6,neural progenitor (hiPSC NPC MPRA),1,-0.001328328352731963,-1,0
6:28351330:A>G,6,neural progenitor (hiPSC NPC MPRA),1,0.07311325271924336,1,1
6:28354519:A>G,6,neural progenitor (hiPSC NPC MPRA),-1,-0.02361061175664266,-1,1
6:28356620:T>C,6,neural progenitor (hiPSC NPC MPRA),1,0.030187865098317463,1,1
6:28357531:T>C,6,neural progenitor (hiPSC NPC MPRA),-1,0.008631974458694458,1,0
6:28358654:A>G,6,neural progenitor (hiPSC NPC MPRA),-1,0.005854750672976176,1,0
6:28374100:T>C,6,neural progenitor (hiPSC NPC MPRA),1,0.030992578715085983,1,1
6:28375566:A>G,6,neural progenitor (hiPSC NPC MPRA),-1,0.00941399997100234,1,0
6:28377249:A>C,6,neural progenitor (hiPSC NPC MPRA),1,0.01064742108186086,1,1
6:28377306:T>C,6,neural progenitor (hiPSC NPC MPRA),1,0.028116146723429363,1,1
6:28377505:T>C,6,neural progenitor (hiPSC NPC MPRA),1,0.013743718465169271,1,1
6:28385657:A>C,6,neural progenitor (hiPSC NPC MPRA),1,0.07708556453386943,1,1
6:28386473:T>G,6,neural progenitor (hiPSC NPC MPRA),-1,0.036139016350110374,1,0
6:28386756:T>C,6,neural progenitor (hiPSC NPC MPRA),1,0.019451846679051716,1,1
6:28394552:T>C,6,neural progenitor (hiPSC NPC MPRA),1,0.041373287638028465,1,1
6:28397172:A>G,6,neural progenitor (hiPSC NPC MPRA),1,0.035088807344436646,1,1
6:28398374:A>G,6,neural progenitor (hiPSC NPC MPRA),1,0.029548426469167072,1,1
6:28405378:A>G,6,neural progenitor (hiPSC NPC MPRA),-1,0.0010504275560379028,1,0
6:28413568:T>C,6,neural progenitor (hiPSC NPC MPRA),-1,0.021449267864227295,1,0
6:28414749:A>G,6,neural progenitor (hiPSC NPC MPRA),1,-0.003077954053878784,-1,0
6:28418180:A>G,6,neural progenitor (hiPSC NPC MPRA),1,-0.0037077367305755615,-1,0
6:28420988:C>G,6,neural progenitor (hiPSC NPC MPRA),1,-0.039823406065503754,-1,0
6:28422360:A>T,6,neural progenitor (hiPSC NPC MPRA),1,-0.009695144991079966,-1,0
6:28424210:T>C,6,neural progenitor (hiPSC NPC MPRA),-1,0.005558316906293233,1,0
6:28427660:T>C,6,neural progenitor (hiPSC NPC MPRA),-1,0.01134339968363444,1,0
6:28431469:A>G,6,neural progenitor (hiPSC NPC MPRA),1,0.042045652866363525,1,1
6:28435448:T>C,6,neural progenitor (hiPSC NPC MPRA),1,0.014503846565882364,1,1
6:28435826:T>C,6,neural progenitor (hiPSC NPC MPRA),1,0.010340124368667603,1,1
6:28438158:A>G,6,neural progenitor (hiPSC NPC MPRA),1,0.004306723674138387,1,1
6:28438359:A>T,6,neural progenitor (hiPSC NPC MPRA),-1,0.0770857185125351,1,0
6:28443526:A>G,6,neural progenitor (hiPSC NPC MPRA),1,-0.02869472901026408,-1,0
6:50815788:A>G,6,neural progenitor (hiPSC NPC MPRA),1,0.055652777353922524,1,1
6:50822929:T>C,6,neural progenitor (hiPSC NPC MPRA),-1,0.0053437451521555586,1,0
6:50849005:A>G,6,neural progenitor (hiPSC NPC MPRA),1,0.012215644121170044,1,1
6:50863481:A>G,6,neural progenitor (hiPSC NPC MPRA),-1,0.04828178882598877,1,0
6:50866666:T>C,6,neural progenitor (hiPSC NPC MPRA),1,0.0026280259092648826,1,1
6:50885766:T>C,6,neural progenitor (hiPSC NPC MPRA),-1,0.04236694425344467,1,0
6:50902155:A>G,6,neural progenitor (hiPSC NPC MPRA),-1,-0.0032405840853850045,-1,1
6:50906337:T>C,6,neural progenitor (hiPSC NPC MPRA),-1,0.015373396376768747,1,0
6:50907109:T>C,6,neural progenitor (hiPSC NPC MPRA),-1,0.0059028491377830505,1,0
6:50922135:A>G,6,neural progenitor (hiPSC NPC MPRA),1,0.014589620133241018,1,1
6:50922862:T>G,6,neural progenitor (hiPSC NPC MPRA),1,0.011645148508250713,1,1
6:50946874:T>C,6,neural progenitor (hiPSC NPC MPRA),1,0.015036125977834066,1,1
6:50962885:T>C,6,neural progenitor (hiPSC NPC MPRA),-1,0.032637317975362144,1,0
6:50964049:A>G,6,neural progenitor (hiPSC NPC MPRA),1,0.015531077980995178,1,1
6:72413669:A>C,6,neural progenitor (hiPSC NPC MPRA),1,0.021565486987431843,1,1
6:72439822:T>C,6,neural progenitor (hiPSC NPC MPRA),1,0.009193827708562216,1,1
6:72454249:A>G,6,neural progenitor (hiPSC NPC MPRA),-1,0.032103280226389565,1,0
6:83515639:A>C,6,neural progenitor (hiPSC NPC MPRA),-1,0.0026848415533701577,1,0
6:83522109:A>G,6,neural progenitor (hiPSC NPC MPRA),1,0.022758473952611286,1,1
6:83540265:A>G,6,neural progenitor (hiPSC NPC MPRA),1,0.007700085639953613,1,1
6:83570203:T>G,6,neural progenitor (hiPSC NPC MPRA),1,-0.012604723374048868,-1,0
6:83590652:T>C,6,neural progenitor (hiPSC NPC MPRA),-1,0.4214213714003563,1,0
6:83597137:A>C,6,neural progenitor (hiPSC NPC MPRA),-1,-0.23915221293767294,-1,1
6:83607814:A>T,6,neural progenitor (hiPSC NPC MPRA),1,-0.005369315544764201,-1,0
6:83634172:A>T,6,neural progenitor (hiPSC NPC MPRA),-1,-0.0010398924350738525,-1,1
6:83647425:A>T,6,neural progenitor (hiPSC NPC MPRA),1,0.008615459005037943,1,1
6:83652771:T>C,6,neural progenitor (hiPSC NPC MPRA),-1,0.009005439622948566,1,0
6:83659705:T>C,6,neural progenitor (hiPSC NPC MPRA),1,0.01879855493704478,1,1
6:83660150:T>C,6,neural progenitor (hiPSC NPC MPRA),1,0.02677212158838908,1,1
6:83663339:A>G,6,neural progenitor (hiPSC NPC MPRA),1,0.04591399431228638,1,1
6:83681155:A>T,6,neural progenitor (hiPSC NPC MPRA),1,0.0059235890706380205,1,1
6:83684223:T>C,6,neural progenitor (hiPSC NPC MPRA),1,0.0042424798011779785,1,1
6:98066426:A>G,6,neural progenitor (hiPSC NPC MPRA),-1,0.011600475137432417,1,0
6:98084898:T>C,6,neural progenitor (hiPSC NPC MPRA),1,-0.01934458248433657,-1,0
6:98107396:T>C,6,neural progenitor (hiPSC NPC MPRA),1,0.028468675911426544,1,1
6:98117336:T>C,6,neural progenitor (hiPSC NPC MPRA),-1,0.12426639596621196,1,0
6:98130635:T>C,6,neural progenitor (hiPSC NPC MPRA),1,0.017039706309636433,1,1
6:98136839:A>T,6,neural progenitor (hiPSC NPC MPRA),1,-0.0074982792139053345,-1,0
6:98136844:T>G,6,neural progenitor (hiPSC NPC MPRA),-1,0.00696981946627299,1,0
6:98174827:T>C,6,neural progenitor (hiPSC NPC MPRA),-1,0.025274979571501415,1,0
