variant_id,chrom,context,direction,bz_delta,bz_dir,correct
11:113447023:C>G,11,neural progenitor (hiPSC NPC MPRA),1,0.0,0,0
11:113479898:C>G,11,neural progenitor (hiPSC NPC MPRA),-1,-0.000590205192565918,-1,1
11:113485457:T>C,11,neural progenitor (hiPSC NPC MPRA),-1,0.0,0,0
11:113503698:A>C,11,neural progenitor (hiPSC NPC MPRA),-1,0.0,0,0
11:124744061:A>G,11,neural progenitor (hiPSC NPC MPRA),-1,0.0,0,0
11:130847511:T>G,11,neural progenitor (hiPSC NPC MPRA),1,0.0,0,0
11:130847545:T>C,11,neural progenitor (hiPSC NPC MPRA),1,0.0,0,0
11:130848816:T>G,11,neural progenitor (hiPSC NPC MPRA),-1,-0.004960492253303528,-1,1
11:130849072:A>G,11,neural progenitor (hiPSC NPC MPRA),1,0.0,0,0
11:130859535:T>C,11,neural progenitor (hiPSC NPC MPRA),-1,-0.0018130093812942505,-1,1
11:130859810:T>C,11,neural progenitor (hiPSC NPC MPRA),1,-0.0039495378732681274,-1,0
11:130860633:T>C,11,neural progenitor (hiPSC NPC MPRA),1,-0.000931277871131897,-1,0
11:130861186:A>G,11,neural progenitor (hiPSC NPC MPRA),-1,0.002507925033569336,1,0
11:130863983:A>G,11,neural progenitor (hiPSC NPC MPRA),1,0.001880645751953125,1,1
11:130865587:T>C,11,neural progenitor (hiPSC NPC MPRA),-1,0.0,0,0
11:130873493:T>C,11,neural progenitor (hiPSC NPC MPRA),1,0.002825021743774414,1,1
11:130875150:T>C,11,neural progenitor (hiPSC NPC MPRA),-1,0.030226513743400574,1,0
11:130881199:T>G,11,neural progenitor (hiPSC NPC MPRA),-1,0.0,0,0
11:130881366:A>C,11,neural progenitor (hiPSC NPC MPRA),1,0.004319176077842712,1,1
11:130885889:T>G,11,neural progenitor (hiPSC NPC MPRA),-1,0.0,0,0
11:130885918:T>C,11,neural progenitor (hiPSC NPC MPRA),-1,0.0013803839683532715,1,0
11:130886281:T>C,11,neural progenitor (hiPSC NPC MPRA),-1,0.0009349286556243896,1,0
11:130886358:T>C,11,neural progenitor (hiPSC NPC MPRA),-1,0.0,0,0
11:130886737:T>C,11,neural progenitor (hiPSC NPC MPRA),-1,0.0025569647550582886,1,0
11:130886769:C>G,11,neural progenitor (hiPSC NPC MPRA),1,0.006518080830574036,1,1
11:130896330:T>C,11,neural progenitor (hiPSC NPC MPRA),-1,0.0030525624752044678,1,0
11:130897591:T>G,11,neural progenitor (hiPSC NPC MPRA),-1,0.0,0,0
11:130899138:T>C,11,neural progenitor (hiPSC NPC MPRA),-1,0.00205153226852417,1,0
11:130907991:A>G,11,neural progenitor (hiPSC NPC MPRA),-1,0.0,0,0
11:130924460:A>C,11,neural progenitor (hiPSC NPC MPRA),-1,0.0005534142255783081,1,0
11:130926353:A>G,11,neural progenitor (hiPSC NPC MPRA),1,-0.0007711201906204224,-1,0
11:130935439:T>C,11,neural progenitor (hiPSC NPC MPRA),-1,0.00019460171461105347,1,0
11:130938790:T>C,11,neural progenitor (hiPSC NPC MPRA),-1,0.0,0,0
11:130940387:T>C,11,neural progenitor (hiPSC NPC MPRA),1,0.0,0,0
11:130949739:A>G,11,neural progenitor (hiPSC NPC MPRA),1,-0.0012218430638313293,-1,0
11:130960868:T>C,11,neural progenitor (hiPSC NPC MPRA),-1,0.0017278119921684265,1,0
11:130979459:A>T,11,neural progenitor (hiPSC NPC MPRA),1,0.0,0,0
11:131000320:T>G,11,neural progenitor (hiPSC NPC MPRA),-1,0.0,0,0
11:131001061:T>C,11,neural progenitor (hiPSC NPC MPRA),-1,0.004065901041030884,1,0
11:131002456:A>T,11,neural progenitor (hiPSC NPC MPRA),1,-0.0014206916093826294,-1,0
11:131007247:T>C,11,neural progenitor (hiPSC NPC MPRA),-1,0.0023448392748832703,1,0
11:131019955:A>G,11,neural progenitor (hiPSC NPC MPRA),1,0.0,0,0
11:133952238:A>G,11,neural progenitor (hiPSC NPC MPRA),-1,0.0,0,0
11:133959547:A>G,11,neural progenitor (hiPSC NPC MPRA),-1,0.0,0,0
11:133964209:T>C,11,neural progenitor (hiPSC NPC MPRA),1,0.001658521592617035,1,1
11:133969665:A>G,11,neural progenitor (hiPSC NPC MPRA),1,0.0,0,0
11:133969693:A>G,11,neural progenitor (hiPSC NPC MPRA),1,0.0,0,0
11:133971139:T>C,11,neural progenitor (hiPSC NPC MPRA),1,0.0,0,0
11:133971684:T>C,11,neural progenitor (hiPSC NPC MPRA),-1,0.0,0,0
11:133983113:T>C,11,neural progenitor (hiPSC NPC MPRA),-1,0.0,0,0
11:20660026:A>G,11,neural progenitor (hiPSC NPC MPRA),-1,0.00018271803855895996,1,0
11:31797787:C>G,11,neural progenitor (hiPSC NPC MPRA),1,-0.0042723119258880615,-1,0
11:31819578:T>G,11,neural progenitor (hiPSC NPC MPRA),-1,0.0,0,0
11:31829493:T>C,11,neural progenitor (hiPSC NPC MPRA),1,0.0,0,0
11:46328319:T>C,11,neural progenitor (hiPSC NPC MPRA),-1,-0.0011286810040473938,-1,1
11:46330716:C>G,11,neural progenitor (hiPSC NPC MPRA),1,-0.036527007818222046,-1,0
11:46355307:A>G,11,neural progenitor (hiPSC NPC MPRA),1,0.0,0,0
11:46356220:T>C,11,neural progenitor (hiPSC NPC MPRA),1,0.0005792528390884399,1,1
11:46417165:A>C,11,neural progenitor (hiPSC NPC MPRA),1,0.0,0,0
11:46424714:A>C,11,neural progenitor (hiPSC NPC MPRA),1,0.0,0,0
11:46434794:T>C,11,neural progenitor (hiPSC NPC MPRA),-1,0.0,0,0
11:46449277:T>C,11,neural progenitor (hiPSC NPC MPRA),-1,0.0,0,0
11:46452392:A>G,11,neural progenitor (hiPSC NPC MPRA),1,0.0,0,0
11:46462398:T>C,11,neural progenitor (hiPSC NPC MPRA),-1,0.0004294663667678833,1,0
11:46493454:C>G,11,neural progenitor (hiPSC NPC MPRA),-1,0.0007862299680709839,1,0
11:46502839:T>G,11,neural progenitor (hiPSC NPC MPRA),-1,0.020806312561035156,1,0
11:46531849:A>G,11,neural progenitor (hiPSC NPC MPRA),1,0.0,0,0
11:46556973:T>C,11,neural progenitor (hiPSC NPC MPRA),1,-0.0009513571858406067,-1,0
11:46560522:A>C,11,neural progenitor (hiPSC NPC MPRA),-1,0.003078073263168335,1,0
11:46577698:C>G,11,neural progenitor (hiPSC NPC MPRA),1,0.0,0,0
11:46613413:A>T,11,neural progenitor (hiPSC NPC MPRA),-1,0.0,0,0
11:46628888:T>C,11,neural progenitor (hiPSC NPC MPRA),-1,0.0004714280366897583,1,0
11:46639000:A>T,11,neural progenitor (hiPSC NPC MPRA),-1,0.0,0,0
11:46644721:T>G,11,neural progenitor (hiPSC NPC MPRA),1,0.00021810829639434814,1,1
11:46675592:T>C,11,neural progenitor (hiPSC NPC MPRA),1,0.0,0,0
11:46707565:T>G,11,neural progenitor (hiPSC NPC MPRA),-1,0.0,0,0
11:46708493:T>C,11,neural progenitor (hiPSC NPC MPRA),-1,0.0,0,0
11:57643829:C>G,11,neural progenitor (hiPSC NPC MPRA),1,0.0017166733741760254,1,1
11:57678800:A>G,11,neural progenitor (hiPSC NPC MPRA),-1,0.0008843690156936646,1,0
11:57697917:T>C,11,neural progenitor (hiPSC NPC MPRA),1,0.0,0,0
11:57712392:T>C,11,neural progenitor (hiPSC NPC MPRA),-1,0.29973459243774414,1,0
11:57713151:A>C,11,neural progenitor (hiPSC NPC MPRA),-1,0.0,0,0
11:57723278:A>G,11,neural progenitor (hiPSC NPC MPRA),1,0.0,0,0
11:57724754:A>G,11,neural progenitor (hiPSC NPC MPRA),-1,0.0004533231258392334,1,0
11:57726726:T>C,11,neural progenitor (hiPSC NPC MPRA),1,0.002511754631996155,1,1
11:57756617:C>G,11,neural progenitor (hiPSC NPC MPRA),1,-0.0011326968669891357,-1,0
11:57792980:A>C,11,neural progenitor (hiPSC NPC MPRA),-1,-0.0024620890617370605,-1,1
11:57875145:T>C,11,neural progenitor (hiPSC NPC MPRA),-1,0.011057287454605103,1,0
11:57887133:C>G,11,neural progenitor (hiPSC NPC MPRA),-1,-0.005788698792457581,-1,1
11:57893560:A>G,11,neural progenitor (hiPSC NPC MPRA),1,0.0011130422353744507,1,1
11:57897864:A>C,11,neural progenitor (hiPSC NPC MPRA),1,0.0035072043538093567,1,1
11:57899750:T>C,11,neural progenitor (hiPSC NPC MPRA),1,0.0006179288029670715,1,1
11:61785208:T>G,11,neural progenitor (hiPSC NPC MPRA),-1,0.0,0,0
11:61801834:C>G,11,neural progenitor (hiPSC NPC MPRA),-1,0.0009975582361221313,1,0
11:61802358:T>C,11,neural progenitor (hiPSC NPC MPRA),-1,0.0,0,0
11:61803311:T>C,11,neural progenitor (hiPSC NPC MPRA),-1,0.0008554458618164062,1,0
11:61803876:C>G,11,neural progenitor (hiPSC NPC MPRA),-1,-0.0002492964267730713,-1,1
11:61817672:A>G,11,neural progenitor (hiPSC NPC MPRA),-1,-0.0011569559574127197,-1,1
11:61822009:A>G,11,neural progenitor (hiPSC NPC MPRA),1,0.0022657811641693115,1,1
11:61824890:A>G,11,neural progenitor (hiPSC NPC MPRA),1,0.0004958063364028931,1,1
11:61826344:T>C,11,neural progenitor (hiPSC NPC MPRA),1,0.0,0,0
11:61839170:A>G,11,neural progenitor (hiPSC NPC MPRA),1,-5.143880844116211e-05,-1,0
11:61842278:T>C,11,neural progenitor (hiPSC NPC MPRA),1,0.0,0,0
11:63827600:A>C,11,neural progenitor (hiPSC NPC MPRA),-1,0.0,0,0
11:63837705:A>G,11,neural progenitor (hiPSC NPC MPRA),1,0.0,0,0
11:63846749:A>G,11,neural progenitor (hiPSC NPC MPRA),1,0.0,0,0
11:63850910:T>C,11,neural progenitor (hiPSC NPC MPRA),1,0.0,0,0
11:63854558:A>G,11,neural progenitor (hiPSC NPC MPRA),1,0.0,0,0
11:63859792:T>C,11,neural progenitor (hiPSC NPC MPRA),1,0.0,0,0
11:63874993:C>G,11,neural progenitor (hiPSC NPC MPRA),1,0.0028457045555114746,1,1
11:63885600:T>C,11,neural progenitor (hiPSC NPC MPRA),1,0.0017047971487045288,1,1
11:63890022:A>G,11,neural progenitor (hiPSC NPC MPRA),1,0.0,0,0
11:63894348:T>C,11,neural progenitor (hiPSC NPC MPRA),1,0.0,0,0
11:63896718:T>G,11,neural progenitor (hiPSC NPC MPRA),1,-0.0007113814353942871,-1,0
11:63896834:A>G,11,neural progenitor (hiPSC NPC MPRA),-1,0.0027077794075012207,1,0
11:63923577:T>C,11,neural progenitor (hiPSC NPC MPRA),1,0.0,0,0
11:63949244:C>G,11,neural progenitor (hiPSC NPC MPRA),-1,-0.001450464129447937,-1,1
11:63959345:A>G,11,neural progenitor (hiPSC NPC MPRA),-1,0.0,0,0
11:63962009:A>G,11,neural progenitor (hiPSC NPC MPRA),1,0.0,0,0
11:63969148:A>G,11,neural progenitor (hiPSC NPC MPRA),-1,0.0,0,0
11:63974038:A>T,11,neural progenitor (hiPSC NPC MPRA),-1,0.03802722692489624,1,0
11:63980613:T>C,11,neural progenitor (hiPSC NPC MPRA),1,-0.0012204498052597046,-1,0
11:64003407:T>C,11,neural progenitor (hiPSC NPC MPRA),-1,0.0002766847610473633,1,0
11:64008793:A>G,11,neural progenitor (hiPSC NPC MPRA),-1,-0.0007166862487792969,-1,1
11:64010697:A>G,11,neural progenitor (hiPSC NPC MPRA),1,-0.000635981559753418,-1,0
11:64017876:A>G,11,neural progenitor (hiPSC NPC MPRA),1,0.0,0,0
11:64025296:A>G,11,neural progenitor (hiPSC NPC MPRA),1,0.0,0,0
11:81328703:A>T,11,neural progenitor (hiPSC NPC MPRA),1,0.0008839070796966553,1,1
11:81335211:T>C,11,neural progenitor (hiPSC NPC MPRA),-1,0.0005928799510002136,1,0
19:19246803:A>G,19,neural progenitor (hiPSC NPC MPRA),-1,0.0030470341444015503,1,0
19:19247398:T>C,19,neural progenitor (hiPSC NPC MPRA),1,0.0,0,0
19:19247523:A>G,19,neural progenitor (hiPSC NPC MPRA),1,-0.0023601874709129333,-1,0
19:19247863:A>C,19,neural progenitor (hiPSC NPC MPRA),1,0.0030886977910995483,1,1
19:19248249:A>C,19,neural progenitor (hiPSC NPC MPRA),1,0.0,0,0
19:19256381:A>G,19,neural progenitor (hiPSC NPC MPRA),1,0.013208210468292236,1,1
19:19256510:C>G,19,neural progenitor (hiPSC NPC MPRA),1,0.06116151809692383,1,1
19:19257455:A>G,19,neural progenitor (hiPSC NPC MPRA),1,0.0,0,0
19:19274602:T>C,19,neural progenitor (hiPSC NPC MPRA),-1,0.0024660229682922363,1,0
19:19279376:A>G,19,neural progenitor (hiPSC NPC MPRA),1,0.0,0,0
19:19280593:T>C,19,neural progenitor (hiPSC NPC MPRA),-1,0.0,0,0
19:19282844:A>G,19,neural progenitor (hiPSC NPC MPRA),1,-0.0006008148193359375,-1,0
19:19282874:A>G,19,neural progenitor (hiPSC NPC MPRA),1,0.0,0,0
19:19293977:C>G,19,neural progenitor (hiPSC NPC MPRA),1,-0.0038675591349601746,-1,0
19:19299671:T>C,19,neural progenitor (hiPSC NPC MPRA),-1,0.0,0,0
19:19315508:T>C,19,neural progenitor (hiPSC NPC MPRA),-1,0.0,0,0
19:19315800:T>C,19,neural progenitor (hiPSC NPC MPRA),-1,0.0,0,0
19:19328822:A>T,19,neural progenitor (hiPSC NPC MPRA),1,-0.00034424662590026855,-1,0
19:19333177:T>C,19,neural progenitor (hiPSC NPC MPRA),-1,0.00022448599338531494,1,0
19:19337391:A>G,19,neural progenitor (hiPSC NPC MPRA),-1,0.00317324697971344,1,0
19:19344019:A>G,19,neural progenitor (hiPSC NPC MPRA),1,0.0,0,0
19:19347099:A>C,19,neural progenitor (hiPSC NPC MPRA),-1,0.0003534853458404541,1,0
19:19356276:C>G,19,neural progenitor (hiPSC NPC MPRA),-1,0.0,0,0
19:19360874:T>C,19,neural progenitor (hiPSC NPC MPRA),1,0.0,0,0
19:19367214:T>G,19,neural progenitor (hiPSC NPC MPRA),1,0.0,0,0
19:19367242:T>C,19,neural progenitor (hiPSC NPC MPRA),1,0.0,0,0
19:19369127:A>C,19,neural progenitor (hiPSC NPC MPRA),1,0.0,0,0
19:19369290:A>G,19,neural progenitor (hiPSC NPC MPRA),1,0.0,0,0
19:19371749:C>G,19,neural progenitor (hiPSC NPC MPRA),1,-0.01182093471288681,-1,0
19:19372102:T>G,19,neural progenitor (hiPSC NPC MPRA),-1,-0.0011867061257362366,-1,1
19:19388159:A>G,19,neural progenitor (hiPSC NPC MPRA),-1,0.0,0,0
19:19401508:T>C,19,neural progenitor (hiPSC NPC MPRA),1,0.0,0,0
19:19419781:C>G,19,neural progenitor (hiPSC NPC MPRA),-1,0.0,0,0
19:19434887:A>G,19,neural progenitor (hiPSC NPC MPRA),-1,0.0,0,0
19:19439655:A>C,19,neural progenitor (hiPSC NPC MPRA),-1,-0.0029309988021850586,-1,1
19:19441815:T>C,19,neural progenitor (hiPSC NPC MPRA),1,-0.00021688640117645264,-1,0
19:19443916:T>C,19,neural progenitor (hiPSC NPC MPRA),-1,0.0,0,0
19:19447659:A>G,19,neural progenitor (hiPSC NPC MPRA),1,0.0,0,0
19:19461299:T>G,19,neural progenitor (hiPSC NPC MPRA),-1,0.008000016212463379,1,0
19:19509491:C>G,19,neural progenitor (hiPSC NPC MPRA),-1,0.0,0,0
19:19510229:T>C,19,neural progenitor (hiPSC NPC MPRA),1,-0.008059129118919373,-1,0
19:19515972:T>G,19,neural progenitor (hiPSC NPC MPRA),1,0.03410232067108154,1,1
19:19532827:C>G,19,neural progenitor (hiPSC NPC MPRA),-1,0.0008037090301513672,1,0
19:19538827:A>G,19,neural progenitor (hiPSC NPC MPRA),-1,0.06351321935653687,1,0
19:19542173:T>C,19,neural progenitor (hiPSC NPC MPRA),1,0.0008880794048309326,1,1
19:19543380:A>G,19,neural progenitor (hiPSC NPC MPRA),-1,0.0,0,0
19:19581770:T>C,19,neural progenitor (hiPSC NPC MPRA),1,-0.00015869736671447754,-1,0
19:19586904:A>C,19,neural progenitor (hiPSC NPC MPRA),-1,-0.0038566142320632935,-1,1
19:19589154:T>C,19,neural progenitor (hiPSC NPC MPRA),1,0.000168532133102417,1,1
19:19606924:A>G,19,neural progenitor (hiPSC NPC MPRA),1,-0.004510864615440369,-1,0
19:19646453:C>G,19,neural progenitor (hiPSC NPC MPRA),1,-0.0009198486804962158,-1,0
19:19667237:A>G,19,neural progenitor (hiPSC NPC MPRA),-1,0.0,0,0
19:36901916:A>G,19,neural progenitor (hiPSC NPC MPRA),-1,0.0023954659700393677,1,0
19:36904541:A>G,19,neural progenitor (hiPSC NPC MPRA),-1,0.0,0,0
19:36976681:T>C,19,neural progenitor (hiPSC NPC MPRA),1,0.0,0,0
2:156254801:T>C,2,neural progenitor (hiPSC NPC MPRA),-1,0.0,0,0
2:156261664:A>G,2,neural progenitor (hiPSC NPC MPRA),-1,0.0,0,0
2:156270128:A>G,2,neural progenitor (hiPSC NPC MPRA),1,0.002363830804824829,1,1
2:156276501:T>C,2,neural progenitor (hiPSC NPC MPRA),-1,0.002312988042831421,1,0
2:156279907:A>G,2,neural progenitor (hiPSC NPC MPRA),-1,0.05064117908477783,1,0
2:156283250:A>T,2,neural progenitor (hiPSC NPC MPRA),1,-0.0012767314910888672,-1,0
2:156289029:T>G,2,neural progenitor (hiPSC NPC MPRA),1,0.0,0,0
2:156293676:A>G,2,neural progenitor (hiPSC NPC MPRA),-1,0.00021528452634811401,1,0
2:184624494:C>G,2,neural progenitor (hiPSC NPC MPRA),-1,-0.01949983835220337,-1,1
2:184634813:T>G,2,neural progenitor (hiPSC NPC MPRA),1,0.0,0,0
2:184718106:A>G,2,neural progenitor (hiPSC NPC MPRA),-1,0.0,0,0
2:184736693:T>C,2,neural progenitor (hiPSC NPC MPRA),1,0.0,0,0
2:184931618:T>C,2,neural progenitor (hiPSC NPC MPRA),1,0.0,0,0
2:184937020:A>G,2,neural progenitor (hiPSC NPC MPRA),-1,0.0,0,0
2:184988738:A>T,2,neural progenitor (hiPSC NPC MPRA),-1,0.0,0,0
2:185160345:A>T,2,neural progenitor (hiPSC NPC MPRA),1,2.4765729904174805e-05,1,1
2:185179900:A>G,2,neural progenitor (hiPSC NPC MPRA),1,0.0,0,0
2:185182339:A>G,2,neural progenitor (hiPSC NPC MPRA),1,0.0023079663515090942,1,1
2:192983614:A>C,2,neural progenitor (hiPSC NPC MPRA),1,0.0,0,0
2:193036134:A>G,2,neural progenitor (hiPSC NPC MPRA),-1,0.0,0,0
2:193386474:A>T,2,neural progenitor (hiPSC NPC MPRA),1,0.0,0,0
2:193387246:A>T,2,neural progenitor (hiPSC NPC MPRA),-1,0.00043527036905288696,1,0
2:193392177:T>C,2,neural progenitor (hiPSC NPC MPRA),-1,0.005733810365200043,1,0
2:193392687:T>C,2,neural progenitor (hiPSC NPC MPRA),1,0.0,0,0
2:193397415:A>G,2,neural progenitor (hiPSC NPC MPRA),-1,0.020309582352638245,1,0
2:193400282:A>G,2,neural progenitor (hiPSC NPC MPRA),1,0.0,0,0
2:193400782:A>G,2,neural progenitor (hiPSC NPC MPRA),1,0.0010801926255226135,1,1
2:193403021:A>G,2,neural progenitor (hiPSC NPC MPRA),1,0.0,0,0
2:193405174:A>G,2,neural progenitor (hiPSC NPC MPRA),1,0.0,0,0
2:193407970:T>C,2,neural progenitor (hiPSC NPC MPRA),1,0.0,0,0
2:193411943:A>G,2,neural progenitor (hiPSC NPC MPRA),1,0.00014118105173110962,1,1
2:193413860:A>C,2,neural progenitor (hiPSC NPC MPRA),-1,0.0,0,0
2:193419759:T>C,2,neural progenitor (hiPSC NPC MPRA),1,0.0,0,0
2:193421228:A>G,2,neural progenitor (hiPSC NPC MPRA),1,0.0003476142883300781,1,1
2:193422830:T>G,2,neural progenitor (hiPSC NPC MPRA),1,0.0,0,0
2:193450768:C>G,2,neural progenitor (hiPSC NPC MPRA),-1,0.0,0,0
2:193463992:T>G,2,neural progenitor (hiPSC NPC MPRA),-1,0.0,0,0
2:193474371:T>C,2,neural progenitor (hiPSC NPC MPRA),-1,0.0004664212465286255,1,0
2:193474588:A>G,2,neural progenitor (hiPSC NPC MPRA),1,0.0,0,0
2:193500846:T>C,2,neural progenitor (hiPSC NPC MPRA),1,0.0,0,0
2:193503183:A>G,2,neural progenitor (hiPSC NPC MPRA),1,0.0,0,0
2:193503384:C>G,2,neural progenitor (hiPSC NPC MPRA),-1,0.0,0,0
2:193503777:C>G,2,neural progenitor (hiPSC NPC MPRA),1,0.0007620900869369507,1,1
2:193504494:A>C,2,neural progenitor (hiPSC NPC MPRA),-1,0.0,0,0
2:193506537:A>G,2,neural progenitor (hiPSC NPC MPRA),-1,0.0008973404765129089,1,0
2:193509201:A>G,2,neural progenitor (hiPSC NPC MPRA),1,0.0,0,0
2:193509296:A>G,2,neural progenitor (hiPSC NPC MPRA),-1,0.0,0,0
2:193511083:T>G,2,neural progenitor (hiPSC NPC MPRA),-1,0.0,0,0
2:193512545:T>C,2,neural progenitor (hiPSC NPC MPRA),-1,0.006074793636798859,1,0
2:193513344:T>C,2,neural progenitor (hiPSC NPC MPRA),1,-0.0008914396166801453,-1,0
2:193515201:T>G,2,neural progenitor (hiPSC NPC MPRA),1,0.0,0,0
2:193516374:A>G,2,neural progenitor (hiPSC NPC MPRA),-1,0.0,0,0
2:193521106:A>T,2,neural progenitor (hiPSC NPC MPRA),1,0.004425078630447388,1,1
2:193530962:A>G,2,neural progenitor (hiPSC NPC MPRA),-1,-0.0007365085184574127,-1,1
2:193562821:A>G,2,neural progenitor (hiPSC NPC MPRA),-1,0.0,0,0
2:193565816:T>C,2,neural progenitor (hiPSC NPC MPRA),1,0.0014144331216812134,1,1
2:193567844:T>C,2,neural progenitor (hiPSC NPC MPRA),-1,0.0,0,0
2:193573990:A>G,2,neural progenitor (hiPSC NPC MPRA),1,0.0008185207843780518,1,1
2:193585153:A>G,2,neural progenitor (hiPSC NPC MPRA),-1,0.0013755857944488525,1,0
2:193587367:A>G,2,neural progenitor (hiPSC NPC MPRA),-1,0.0014881119132041931,1,0
2:193588004:T>C,2,neural progenitor (hiPSC NPC MPRA),-1,0.001338176429271698,1,0
2:193592925:T>C,2,neural progenitor (hiPSC NPC MPRA),1,0.0,0,0
2:193598264:A>G,2,neural progenitor (hiPSC NPC MPRA),1,0.0017385929822921753,1,1
2:193606414:T>C,2,neural progenitor (hiPSC NPC MPRA),1,0.0013644620776176453,1,1
2:193608872:A>G,2,neural progenitor (hiPSC NPC MPRA),1,0.0,0,0
2:193609050:T>G,2,neural progenitor (hiPSC NPC MPRA),1,0.0026584118604660034,1,1
2:193611587:T>C,2,neural progenitor (hiPSC NPC MPRA),1,0.0,0,0
2:193616820:A>G,2,neural progenitor (hiPSC NPC MPRA),1,0.0013487040996551514,1,1
2:193624671:T>G,2,neural progenitor (hiPSC NPC MPRA),1,-0.02612496167421341,-1,0
2:193627627:T>C,2,neural progenitor (hiPSC NPC MPRA),-1,0.0,0,0
2:193635058:T>G,2,neural progenitor (hiPSC NPC MPRA),-1,-0.0006855502724647522,-1,1
2:193637726:T>C,2,neural progenitor (hiPSC NPC MPRA),-1,0.003376699984073639,1,0
2:193646860:T>C,2,neural progenitor (hiPSC NPC MPRA),-1,0.0,0,0
2:193655169:A>G,2,neural progenitor (hiPSC NPC MPRA),1,-0.0001438036561012268,-1,0
2:193656840:A>C,2,neural progenitor (hiPSC NPC MPRA),1,0.0006264299154281616,1,1
2:193664706:T>C,2,neural progenitor (hiPSC NPC MPRA),1,0.0,0,0
2:193666402:T>G,2,neural progenitor (hiPSC NPC MPRA),1,0.0,0,0
2:193683172:C>G,2,neural progenitor (hiPSC NPC MPRA),1,0.0,0,0
2:193693635:A>T,2,neural progenitor (hiPSC NPC MPRA),1,-0.00018750131130218506,-1,0
2:193696844:A>G,2,neural progenitor (hiPSC NPC MPRA),1,0.0018020644783973694,1,1
2:193705056:T>C,2,neural progenitor (hiPSC NPC MPRA),1,0.0,0,0
2:193708773:A>G,2,neural progenitor (hiPSC NPC MPRA),-1,0.0,0,0
2:193711514:A>C,2,neural progenitor (hiPSC NPC MPRA),1,0.00238095223903656,1,1
2:193718573:T>G,2,neural progenitor (hiPSC NPC MPRA),-1,0.0,0,0
2:193720404:A>C,2,neural progenitor (hiPSC NPC MPRA),1,0.0,0,0
2:193720729:T>G,2,neural progenitor (hiPSC NPC MPRA),1,0.001761019229888916,1,1
2:193721707:T>C,2,neural progenitor (hiPSC NPC MPRA),-1,0.0022666901350021362,1,0
2:193736905:A>G,2,neural progenitor (hiPSC NPC MPRA),-1,0.0009742006659507751,1,0
2:193739325:A>C,2,neural progenitor (hiPSC NPC MPRA),1,0.0,0,0
2:193739416:A>G,2,neural progenitor (hiPSC NPC MPRA),-1,0.0,0,0
2:193762229:T>G,2,neural progenitor (hiPSC NPC MPRA),1,0.0032080262899398804,1,1
2:193782915:T>C,2,neural progenitor (hiPSC NPC MPRA),1,-0.00875120609998703,-1,0
2:193785245:A>T,2,neural progenitor (hiPSC NPC MPRA),-1,0.0,0,0
2:193785252:C>G,2,neural progenitor (hiPSC NPC MPRA),1,-0.0011382773518562317,-1,0
2:193789260:T>C,2,neural progenitor (hiPSC NPC MPRA),1,0.0006482824683189392,1,1
2:193789899:A>T,2,neural progenitor (hiPSC NPC MPRA),-1,0.000386558473110199,1,0
2:193792041:A>C,2,neural progenitor (hiPSC NPC MPRA),-1,0.01106598973274231,1,0
2:193797783:T>C,2,neural progenitor (hiPSC NPC MPRA),-1,0.002039395272731781,1,0
2:193797882:A>G,2,neural progenitor (hiPSC NPC MPRA),-1,0.0,0,0
2:193798401:C>G,2,neural progenitor (hiPSC NPC MPRA),-1,0.0,0,0
2:193799671:A>T,2,neural progenitor (hiPSC NPC MPRA),-1,0.0,0,0
2:193810658:A>G,2,neural progenitor (hiPSC NPC MPRA),-1,0.0,0,0
2:197283467:A>T,2,neural progenitor (hiPSC NPC MPRA),-1,0.0022198334336280823,1,0
2:197298975:A>G,2,neural progenitor (hiPSC NPC MPRA),-1,0.0021986663341522217,1,0
2:197313250:A>G,2,neural progenitor (hiPSC NPC MPRA),-1,-0.000953972339630127,-1,1
2:197313685:A>G,2,neural progenitor (hiPSC NPC MPRA),-1,0.0,0,0
2:197313884:T>C,2,neural progenitor (hiPSC NPC MPRA),-1,0.0,0,0
2:197331484:A>G,2,neural progenitor (hiPSC NPC MPRA),1,-0.0016734451055526733,-1,0
2:197345834:C>G,2,neural progenitor (hiPSC NPC MPRA),-1,0.0,0,0
2:197351547:A>G,2,neural progenitor (hiPSC NPC MPRA),1,-3.3721327781677246e-05,-1,0
2:197354308:T>C,2,neural progenitor (hiPSC NPC MPRA),1,0.0,0,0
2:197358397:T>C,2,neural progenitor (hiPSC NPC MPRA),1,0.0009412765502929688,1,1
2:197368851:T>G,2,neural progenitor (hiPSC NPC MPRA),1,0.004166752099990845,1,1
2:197372163:A>G,2,neural progenitor (hiPSC NPC MPRA),1,-0.003102429211139679,-1,0
2:197373499:T>C,2,neural progenitor (hiPSC NPC MPRA),1,0.0,0,0
2:197380508:C>G,2,neural progenitor (hiPSC NPC MPRA),-1,0.007975533604621887,1,0
2:197393664:A>G,2,neural progenitor (hiPSC NPC MPRA),1,0.0,0,0
2:197395374:A>T,2,neural progenitor (hiPSC NPC MPRA),1,-0.003962293267250061,-1,0
2:197396872:A>G,2,neural progenitor (hiPSC NPC MPRA),1,0.002458035945892334,1,1
2:197415862:T>C,2,neural progenitor (hiPSC NPC MPRA),-1,0.00181598961353302,1,0
2:197420830:C>G,2,neural progenitor (hiPSC NPC MPRA),1,0.0002692416310310364,1,1
2:197448576:A>G,2,neural progenitor (hiPSC NPC MPRA),-1,0.0,0,0
2:197449844:A>G,2,neural progenitor (hiPSC NPC MPRA),1,0.001500457525253296,1,1
2:197476057:A>G,2,neural progenitor (hiPSC NPC MPRA),-1,0.0,0,0
2:197487569:A>G,2,neural progenitor (hiPSC NPC MPRA),1,0.0,0,0
2:197489690:T>C,2,neural progenitor (hiPSC NPC MPRA),1,0.0008150190114974976,1,1
2:197504646:T>C,2,neural progenitor (hiPSC NPC MPRA),-1,0.0017988383769989014,1,0
2:197510605:C>G,2,neural progenitor (hiPSC NPC MPRA),1,-0.013231709599494934,-1,0
2:197536759:A>G,2,neural progenitor (hiPSC NPC MPRA),-1,0.00041703879833221436,1,0
2:197538795:A>G,2,neural progenitor (hiPSC NPC MPRA),1,0.0,0,0
2:197542453:A>G,2,neural progenitor (hiPSC NPC MPRA),-1,0.009011298418045044,1,0
2:197544668:A>G,2,neural progenitor (hiPSC NPC MPRA),-1,-0.001092180609703064,-1,1
2:197548968:C>G,2,neural progenitor (hiPSC NPC MPRA),-1,0.0,0,0
2:197553263:A>G,2,neural progenitor (hiPSC NPC MPRA),1,0.0,0,0
2:197570556:A>G,2,neural progenitor (hiPSC NPC MPRA),1,0.00029049813747406006,1,1
2:197579899:C>G,2,neural progenitor (hiPSC NPC MPRA),1,0.0011628568172454834,1,1
2:197588961:T>C,2,neural progenitor (hiPSC NPC MPRA),1,0.0,0,0
2:197598366:T>G,2,neural progenitor (hiPSC NPC MPRA),-1,0.0,0,0
2:197601549:T>C,2,neural progenitor (hiPSC NPC MPRA),1,0.0026972219347953796,1,1
2:197613596:A>G,2,neural progenitor (hiPSC NPC MPRA),-1,0.0,0,0
2:197615348:A>G,2,neural progenitor (hiPSC NPC MPRA),-1,0.0,0,0
2:197624883:A>G,2,neural progenitor (hiPSC NPC MPRA),1,0.002740427851676941,1,1
2:197626386:T>C,2,neural progenitor (hiPSC NPC MPRA),1,0.0,0,0
2:197630707:C>G,2,neural progenitor (hiPSC NPC MPRA),1,0.0,0,0
2:197632788:T>G,2,neural progenitor (hiPSC NPC MPRA),-1,-0.000293046236038208,-1,1
2:197632985:T>C,2,neural progenitor (hiPSC NPC MPRA),1,0.0,0,0
2:197640542:T>C,2,neural progenitor (hiPSC NPC MPRA),-1,0.0,0,0
2:197644227:A>G,2,neural progenitor (hiPSC NPC MPRA),1,0.0,0,0
2:197646362:A>G,2,neural progenitor (hiPSC NPC MPRA),-1,0.0,0,0
2:197649206:A>G,2,neural progenitor (hiPSC NPC MPRA),-1,0.0,0,0
2:197650200:T>C,2,neural progenitor (hiPSC NPC MPRA),-1,0.0,0,0
2:197651176:A>G,2,neural progenitor (hiPSC NPC MPRA),1,0.0,0,0
2:197665631:T>C,2,neural progenitor (hiPSC NPC MPRA),-1,0.0,0,0
2:197666360:A>G,2,neural progenitor (hiPSC NPC MPRA),-1,-0.0018996000289916992,-1,1
2:197668882:T>G,2,neural progenitor (hiPSC NPC MPRA),1,0.0,0,0
2:197680738:A>G,2,neural progenitor (hiPSC NPC MPRA),-1,0.0,0,0
2:197702914:C>G,2,neural progenitor (hiPSC NPC MPRA),1,0.0037036165595054626,1,1
2:197704327:T>G,2,neural progenitor (hiPSC NPC MPRA),-1,0.0006178021430969238,1,0
2:197720051:A>T,2,neural progenitor (hiPSC NPC MPRA),-1,0.0,0,0
2:197723141:T>C,2,neural progenitor (hiPSC NPC MPRA),-1,0.002023264765739441,1,0
2:197729533:T>G,2,neural progenitor (hiPSC NPC MPRA),1,0.000729881227016449,1,1
2:197736006:T>G,2,neural progenitor (hiPSC NPC MPRA),1,0.005756288766860962,1,1
2:197749888:T>C,2,neural progenitor (hiPSC NPC MPRA),1,0.0,0,0
2:197752167:A>G,2,neural progenitor (hiPSC NPC MPRA),1,0.005470983684062958,1,1
2:197763218:C>G,2,neural progenitor (hiPSC NPC MPRA),-1,0.0,0,0
2:197790283:A>T,2,neural progenitor (hiPSC NPC MPRA),1,0.0010389313101768494,1,1
2:197808820:A>G,2,neural progenitor (hiPSC NPC MPRA),-1,0.0,0,0
2:197819743:A>G,2,neural progenitor (hiPSC NPC MPRA),1,0.0,0,0
2:197825277:T>C,2,neural progenitor (hiPSC NPC MPRA),-1,-0.0008068978786468506,-1,1
2:197826358:A>G,2,neural progenitor (hiPSC NPC MPRA),-1,0.0020309165120124817,1,0
2:197828979:T>C,2,neural progenitor (hiPSC NPC MPRA),1,0.0,0,0
2:197835492:A>G,2,neural progenitor (hiPSC NPC MPRA),-1,0.0,0,0
2:197840094:T>G,2,neural progenitor (hiPSC NPC MPRA),-1,-0.003921076655387878,-1,1
2:197842192:T>C,2,neural progenitor (hiPSC NPC MPRA),1,0.0,0,0
2:197846778:A>C,2,neural progenitor (hiPSC NPC MPRA),1,0.0,0,0
2:197848375:T>C,2,neural progenitor (hiPSC NPC MPRA),-1,0.0,0,0
2:197856330:A>G,2,neural progenitor (hiPSC NPC MPRA),1,0.0,0,0
2:197866506:T>G,2,neural progenitor (hiPSC NPC MPRA),-1,0.005648761987686157,1,0
2:197881391:C>G,2,neural progenitor (hiPSC NPC MPRA),-1,0.0,0,0
2:197887562:T>C,2,neural progenitor (hiPSC NPC MPRA),-1,0.0,0,0
2:197898155:T>C,2,neural progenitor (hiPSC NPC MPRA),-1,0.0026256591081619263,1,0
2:197918969:T>C,2,neural progenitor (hiPSC NPC MPRA),1,0.0,0,0
2:197925041:A>C,2,neural progenitor (hiPSC NPC MPRA),-1,0.0,0,0
2:197940374:T>C,2,neural progenitor (hiPSC NPC MPRA),-1,0.0,0,0
2:197944472:A>G,2,neural progenitor (hiPSC NPC MPRA),1,0.0,0,0
2:197970382:T>G,2,neural progenitor (hiPSC NPC MPRA),1,0.0,0,0
2:197974907:T>C,2,neural progenitor (hiPSC NPC MPRA),1,0.0,0,0
2:197977520:A>G,2,neural progenitor (hiPSC NPC MPRA),1,0.00298897922039032,1,1
2:197994193:A>G,2,neural progenitor (hiPSC NPC MPRA),-1,0.0019197911024093628,1,0
2:198015719:A>G,2,neural progenitor (hiPSC NPC MPRA),1,-0.0010820329189300537,-1,0
2:198015757:A>C,2,neural progenitor (hiPSC NPC MPRA),-1,0.0,0,0
2:198018149:T>G,2,neural progenitor (hiPSC NPC MPRA),-1,-0.003802463412284851,-1,1
2:198018228:A>G,2,neural progenitor (hiPSC NPC MPRA),-1,0.0,0,0
2:198020701:T>G,2,neural progenitor (hiPSC NPC MPRA),1,0.0,0,0
2:198036840:T>C,2,neural progenitor (hiPSC NPC MPRA),-1,0.0,0,0
2:198037506:A>T,2,neural progenitor (hiPSC NPC MPRA),1,-0.0005375593900680542,-1,0
2:198042419:T>C,2,neural progenitor (hiPSC NPC MPRA),-1,0.0,0,0
2:198053867:A>T,2,neural progenitor (hiPSC NPC MPRA),-1,-0.0006155222654342651,-1,1
2:198055418:T>C,2,neural progenitor (hiPSC NPC MPRA),1,0.008725807070732117,1,1
2:198055836:A>C,2,neural progenitor (hiPSC NPC MPRA),1,-0.0036592185497283936,-1,0
2:198063923:A>G,2,neural progenitor (hiPSC NPC MPRA),1,0.001552477478981018,1,1
2:198064362:A>G,2,neural progenitor (hiPSC NPC MPRA),-1,0.0018194764852523804,1,0
2:198069356:A>G,2,neural progenitor (hiPSC NPC MPRA),-1,-0.002368733286857605,-1,1
2:198072358:T>C,2,neural progenitor (hiPSC NPC MPRA),-1,0.0016184821724891663,1,0
2:199851396:A>C,2,neural progenitor (hiPSC NPC MPRA),-1,0.0,0,0
2:199865305:A>G,2,neural progenitor (hiPSC NPC MPRA),-1,0.0027339309453964233,1,0
2:199886859:A>G,2,neural progenitor (hiPSC NPC MPRA),-1,0.0,0,0
2:199921131:T>C,2,neural progenitor (hiPSC NPC MPRA),1,0.0004647672176361084,1,1
2:199930147:T>C,2,neural progenitor (hiPSC NPC MPRA),-1,0.0,0,0
2:199949997:A>T,2,neural progenitor (hiPSC NPC MPRA),1,-0.001539081335067749,-1,0
2:199950086:C>G,2,neural progenitor (hiPSC NPC MPRA),1,-0.0012056976556777954,-1,0
2:199955071:A>G,2,neural progenitor (hiPSC NPC MPRA),-1,0.0,0,0
2:199958637:A>T,2,neural progenitor (hiPSC NPC MPRA),1,0.0,0,0
2:199960517:A>T,2,neural progenitor (hiPSC NPC MPRA),1,-0.0003445148468017578,-1,0
2:199965414:T>G,2,neural progenitor (hiPSC NPC MPRA),-1,0.0,0,0
2:199983267:A>G,2,neural progenitor (hiPSC NPC MPRA),1,0.0,0,0
2:200009720:T>G,2,neural progenitor (hiPSC NPC MPRA),1,0.0,0,0
2:200040413:A>C,2,neural progenitor (hiPSC NPC MPRA),1,0.0,0,0
2:200045930:A>C,2,neural progenitor (hiPSC NPC MPRA),1,0.003412671387195587,1,1
2:200048730:T>C,2,neural progenitor (hiPSC NPC MPRA),1,0.0,0,0
2:200051281:A>G,2,neural progenitor (hiPSC NPC MPRA),-1,0.0,0,0
2:200051680:T>C,2,neural progenitor (hiPSC NPC MPRA),1,0.0,0,0
2:200055113:T>C,2,neural progenitor (hiPSC NPC MPRA),-1,0.0,0,0
2:200114342:T>C,2,neural progenitor (hiPSC NPC MPRA),1,0.0033861957490444183,1,1
2:200121622:A>G,2,neural progenitor (hiPSC NPC MPRA),-1,-0.0011796876788139343,-1,1
2:200124893:A>G,2,neural progenitor (hiPSC NPC MPRA),-1,0.0018579810857772827,1,0
2:200132128:C>G,2,neural progenitor (hiPSC NPC MPRA),-1,0.0,0,0
2:200132253:T>C,2,neural progenitor (hiPSC NPC MPRA),-1,0.0020802542567253113,1,0
2:200133193:T>C,2,neural progenitor (hiPSC NPC MPRA),1,0.0,0,0
2:200139114:A>C,2,neural progenitor (hiPSC NPC MPRA),-1,0.0033393651247024536,1,0
2:200143663:T>G,2,neural progenitor (hiPSC NPC MPRA),1,0.0013660416007041931,1,1
2:200145657:A>G,2,neural progenitor (hiPSC NPC MPRA),1,0.0005942061543464661,1,1
2:200145804:A>G,2,neural progenitor (hiPSC NPC MPRA),-1,0.00179261714220047,1,0
2:200145953:C>G,2,neural progenitor (hiPSC NPC MPRA),1,-0.0003152787685394287,-1,0
2:200158229:T>G,2,neural progenitor (hiPSC NPC MPRA),-1,-0.0035331696271896362,-1,1
2:200159789:T>C,2,neural progenitor (hiPSC NPC MPRA),1,-0.0004956424236297607,-1,0
2:200170370:T>C,2,neural progenitor (hiPSC NPC MPRA),1,0.005889385938644409,1,1
2:200192768:A>G,2,neural progenitor (hiPSC NPC MPRA),1,0.0,0,0
2:200194648:A>C,2,neural progenitor (hiPSC NPC MPRA),1,0.0,0,0
2:200201054:C>G,2,neural progenitor (hiPSC NPC MPRA),1,-0.0009404867887496948,-1,0
2:200203279:A>G,2,neural progenitor (hiPSC NPC MPRA),1,0.0,0,0
2:200231016:A>G,2,neural progenitor (hiPSC NPC MPRA),-1,0.0,0,0
2:200235238:A>G,2,neural progenitor (hiPSC NPC MPRA),-1,0.0030537471175193787,1,0
2:200252130:A>G,2,neural progenitor (hiPSC NPC MPRA),1,0.0018979758024215698,1,1
2:200267654:A>G,2,neural progenitor (hiPSC NPC MPRA),1,1.2814998626708984e-06,1,1
2:200279663:A>T,2,neural progenitor (hiPSC NPC MPRA),-1,0.0,0,0
2:200281676:A>G,2,neural progenitor (hiPSC NPC MPRA),1,0.0,0,0
2:214239716:A>G,2,neural progenitor (hiPSC NPC MPRA),-1,-0.0012239515781402588,-1,1
2:214253305:A>T,2,neural progenitor (hiPSC NPC MPRA),-1,0.0,0,0
2:214287997:T>C,2,neural progenitor (hiPSC NPC MPRA),-1,0.0,0,0
2:214314553:A>C,2,neural progenitor (hiPSC NPC MPRA),-1,0.0,0,0
2:214329944:T>G,2,neural progenitor (hiPSC NPC MPRA),1,0.00044411420822143555,1,1
2:214544446:A>G,2,neural progenitor (hiPSC NPC MPRA),-1,0.00010102987289428711,1,0
2:22208250:C>G,2,neural progenitor (hiPSC NPC MPRA),1,0.00028055161237716675,1,1
2:22215530:A>G,2,neural progenitor (hiPSC NPC MPRA),1,0.0008756667375564575,1,1
2:22219520:A>G,2,neural progenitor (hiPSC NPC MPRA),-1,0.0,0,0
2:22223008:A>G,2,neural progenitor (hiPSC NPC MPRA),-1,0.0,0,0
2:22225571:A>G,2,neural progenitor (hiPSC NPC MPRA),-1,0.0,0,0
2:22236500:T>C,2,neural progenitor (hiPSC NPC MPRA),1,0.0007844269275665283,1,1
2:22256396:A>G,2,neural progenitor (hiPSC NPC MPRA),1,0.001678861677646637,1,1
2:22261848:A>T,2,neural progenitor (hiPSC NPC MPRA),-1,0.0,0,0
2:22268268:T>C,2,neural progenitor (hiPSC NPC MPRA),-1,0.0,0,0
2:22272432:T>C,2,neural progenitor (hiPSC NPC MPRA),-1,0.0,0,0
2:22275607:T>C,2,neural progenitor (hiPSC NPC MPRA),-1,0.0,0,0
2:22292479:T>C,2,neural progenitor (hiPSC NPC MPRA),1,0.0018961280584335327,1,1
2:22292624:T>C,2,neural progenitor (hiPSC NPC MPRA),-1,0.0,0,0
2:22301992:A>G,2,neural progenitor (hiPSC NPC MPRA),-1,0.0,0,0
2:22305008:T>C,2,neural progenitor (hiPSC NPC MPRA),-1,0.0,0,0
2:22309500:A>G,2,neural progenitor (hiPSC NPC MPRA),1,0.0016757026314735413,1,1
2:22312694:A>C,2,neural progenitor (hiPSC NPC MPRA),-1,0.0034637451171875,1,0
2:22314392:A>C,2,neural progenitor (hiPSC NPC MPRA),-1,0.0,0,0
2:22315610:T>G,2,neural progenitor (hiPSC NPC MPRA),-1,0.0,0,0
2:22317580:T>G,2,neural progenitor (hiPSC NPC MPRA),1,0.0,0,0
2:22322155:A>C,2,neural progenitor (hiPSC NPC MPRA),-1,0.002314642071723938,1,0
2:22328233:A>C,2,neural progenitor (hiPSC NPC MPRA),1,0.002251759171485901,1,1
2:22331569:A>G,2,neural progenitor (hiPSC NPC MPRA),1,0.002162560820579529,1,1
2:22332277:A>G,2,neural progenitor (hiPSC NPC MPRA),1,0.0008806884288787842,1,1
2:22332395:T>C,2,neural progenitor (hiPSC NPC MPRA),1,0.003646768629550934,1,1
2:22332849:A>G,2,neural progenitor (hiPSC NPC MPRA),1,-0.0021590590476989746,-1,0
2:22334109:T>C,2,neural progenitor (hiPSC NPC MPRA),-1,0.0,0,0
2:22335144:C>G,2,neural progenitor (hiPSC NPC MPRA),1,0.0,0,0
2:22339590:C>G,2,neural progenitor (hiPSC NPC MPRA),1,0.0,0,0
2:22340789:A>T,2,neural progenitor (hiPSC NPC MPRA),1,0.0,0,0
2:22341379:A>G,2,neural progenitor (hiPSC NPC MPRA),1,0.000405043363571167,1,1
2:22366970:T>C,2,neural progenitor (hiPSC NPC MPRA),-1,0.0009629800915718079,1,0
2:22367228:A>G,2,neural progenitor (hiPSC NPC MPRA),1,0.0,0,0
2:22372307:T>C,2,neural progenitor (hiPSC NPC MPRA),1,0.0,0,0
2:22376054:T>C,2,neural progenitor (hiPSC NPC MPRA),1,0.0,0,0
2:22378060:T>G,2,neural progenitor (hiPSC NPC MPRA),1,0.0,0,0
2:22379527:T>C,2,neural progenitor (hiPSC NPC MPRA),1,0.0,0,0
2:22381486:C>G,2,neural progenitor (hiPSC NPC MPRA),-1,0.0032460540533065796,1,0
2:22388610:T>C,2,neural progenitor (hiPSC NPC MPRA),1,0.0,0,0
2:22398424:A>T,2,neural progenitor (hiPSC NPC MPRA),1,0.0,0,0
2:22410279:T>C,2,neural progenitor (hiPSC NPC MPRA),1,0.002427421510219574,1,1
2:22418350:A>G,2,neural progenitor (hiPSC NPC MPRA),1,0.0,0,0
2:22427801:T>G,2,neural progenitor (hiPSC NPC MPRA),1,0.002030298113822937,1,1
2:22429350:A>C,2,neural progenitor (hiPSC NPC MPRA),-1,0.0,0,0
2:22444125:A>C,2,neural progenitor (hiPSC NPC MPRA),1,0.001671530306339264,1,1
2:22450634:T>C,2,neural progenitor (hiPSC NPC MPRA),1,0.0,0,0
2:22451350:T>C,2,neural progenitor (hiPSC NPC MPRA),1,-0.002181991934776306,-1,0
2:22451389:C>G,2,neural progenitor (hiPSC NPC MPRA),1,-0.01131024956703186,-1,0
2:22462218:T>C,2,neural progenitor (hiPSC NPC MPRA),-1,0.0,0,0
2:22473535:T>C,2,neural progenitor (hiPSC NPC MPRA),1,0.0,0,0
2:22487030:A>C,2,neural progenitor (hiPSC NPC MPRA),1,0.0,0,0
2:22489444:T>G,2,neural progenitor (hiPSC NPC MPRA),1,0.003519691526889801,1,1
2:22493347:A>T,2,neural progenitor (hiPSC NPC MPRA),1,-0.0005559176206588745,-1,0
2:22495271:A>G,2,neural progenitor (hiPSC NPC MPRA),1,-0.0015868470072746277,-1,0
2:22503707:A>G,2,neural progenitor (hiPSC NPC MPRA),1,0.0023875460028648376,1,1
2:22504949:T>C,2,neural progenitor (hiPSC NPC MPRA),-1,0.0,0,0
2:22509148:T>C,2,neural progenitor (hiPSC NPC MPRA),1,-0.0026062428951263428,-1,0
2:22512769:T>C,2,neural progenitor (hiPSC NPC MPRA),1,0.0015183761715888977,1,1
2:22512878:A>G,2,neural progenitor (hiPSC NPC MPRA),-1,0.0,0,0
2:22515637:A>G,2,neural progenitor (hiPSC NPC MPRA),-1,0.00026334822177886963,1,0
2:22515853:A>T,2,neural progenitor (hiPSC NPC MPRA),-1,-8.17328691482544e-05,-1,1
2:22517727:A>C,2,neural progenitor (hiPSC NPC MPRA),1,0.00011502206325531006,1,1
2:22526253:A>T,2,neural progenitor (hiPSC NPC MPRA),-1,0.0,0,0
2:22531594:A>G,2,neural progenitor (hiPSC NPC MPRA),-1,0.0025803446769714355,1,0
2:232695593:A>T,2,neural progenitor (hiPSC NPC MPRA),-1,0.0008027851581573486,1,0
2:232714924:T>C,2,neural progenitor (hiPSC NPC MPRA),1,0.00291655957698822,1,1
2:232772212:T>C,2,neural progenitor (hiPSC NPC MPRA),1,0.0003613382577896118,1,1
2:232781260:A>G,2,neural progenitor (hiPSC NPC MPRA),-1,0.0,0,0
2:232802077:A>G,2,neural progenitor (hiPSC NPC MPRA),-1,0.0,0,0
2:232834120:A>G,2,neural progenitor (hiPSC NPC MPRA),1,0.0,0,0
2:232843683:A>G,2,neural progenitor (hiPSC NPC MPRA),1,0.0,0,0
2:232844755:T>G,2,neural progenitor (hiPSC NPC MPRA),1,0.0048683881759643555,1,1
2:232848527:A>G,2,neural progenitor (hiPSC NPC MPRA),1,0.0,0,0
2:232855238:T>C,2,neural progenitor (hiPSC NPC MPRA),-1,0.0,0,0
2:232878399:A>G,2,neural progenitor (hiPSC NPC MPRA),1,-0.00041510164737701416,-1,0
2:232894985:C>G,2,neural progenitor (hiPSC NPC MPRA),-1,0.0,0,0
2:232913149:T>C,2,neural progenitor (hiPSC NPC MPRA),1,0.0,0,0
2:232924024:A>G,2,neural progenitor (hiPSC NPC MPRA),1,-0.0024813860654830933,-1,0
2:232925461:A>C,2,neural progenitor (hiPSC NPC MPRA),-1,0.012015461921691895,1,0
2:232925579:C>G,2,neural progenitor (hiPSC NPC MPRA),1,0.0015920698642730713,1,1
2:232925765:A>G,2,neural progenitor (hiPSC NPC MPRA),-1,-0.004688054323196411,-1,1
2:232940348:T>C,2,neural progenitor (hiPSC NPC MPRA),-1,0.0,0,0
2:232942061:A>C,2,neural progenitor (hiPSC NPC MPRA),-1,0.0,0,0
2:27729368:A>T,2,neural progenitor (hiPSC NPC MPRA),1,0.013590097427368164,1,1
2:27729539:T>C,2,neural progenitor (hiPSC NPC MPRA),1,0.0,0,0
2:27729900:C>G,2,neural progenitor (hiPSC NPC MPRA),-1,0.0,0,0
2:27733614:T>C,2,neural progenitor (hiPSC NPC MPRA),1,0.0,0,0
2:27745587:A>C,2,neural progenitor (hiPSC NPC MPRA),1,4.8898160457611084e-05,1,1
2:27749578:A>G,2,neural progenitor (hiPSC NPC MPRA),1,0.0,0,0
2:27752104:A>G,2,neural progenitor (hiPSC NPC MPRA),-1,0.0014185905456542969,1,0
2:27752527:T>C,2,neural progenitor (hiPSC NPC MPRA),-1,-0.021500110626220703,-1,1
2:27777857:C>G,2,neural progenitor (hiPSC NPC MPRA),-1,0.0012519732117652893,1,0
2:27784205:A>G,2,neural progenitor (hiPSC NPC MPRA),1,0.0,0,0
2:27795426:A>G,2,neural progenitor (hiPSC NPC MPRA),1,0.002216845750808716,1,1
2:27798099:A>T,2,neural progenitor (hiPSC NPC MPRA),-1,0.0,0,0
2:27798176:T>G,2,neural progenitor (hiPSC NPC MPRA),1,0.0,0,0
2:27801157:T>G,2,neural progenitor (hiPSC NPC MPRA),1,0.0,0,0
2:27802117:T>C,2,neural progenitor (hiPSC NPC MPRA),1,-2.5331974029541016e-05,-1,0
2:27807570:A>G,2,neural progenitor (hiPSC NPC MPRA),-1,-0.02964264154434204,-1,1
2:27816433:C>G,2,neural progenitor (hiPSC NPC MPRA),1,0.0,0,0
2:27816605:T>G,2,neural progenitor (hiPSC NPC MPRA),1,0.0,0,0
2:27819192:T>C,2,neural progenitor (hiPSC NPC MPRA),1,0.0,0,0
2:27834262:C>G,2,neural progenitor (hiPSC NPC MPRA),-1,0.0,0,0
2:27850112:C>G,2,neural progenitor (hiPSC NPC MPRA),-1,-0.0010419264435768127,-1,1
2:27856127:A>G,2,neural progenitor (hiPSC NPC MPRA),1,0.0,0,0
2:27862677:A>C,2,neural progenitor (hiPSC NPC MPRA),-1,0.0,0,0
2:28013253:T>C,2,neural progenitor (hiPSC NPC MPRA),1,0.0,0,0
2:57702880:T>C,2,neural progenitor (hiPSC NPC MPRA),-1,0.0,0,0
2:57718387:A>G,2,neural progenitor (hiPSC NPC MPRA),1,0.0017112493515014648,1,1
2:57721500:A>G,2,neural progenitor (hiPSC NPC MPRA),1,0.001395106315612793,1,1
2:57723211:A>G,2,neural progenitor (hiPSC NPC MPRA),-1,0.0,0,0
2:57729398:T>G,2,neural progenitor (hiPSC NPC MPRA),1,0.010332833975553513,1,1
2:57745699:A>C,2,neural progenitor (hiPSC NPC MPRA),-1,0.0,0,0
2:57747294:A>T,2,neural progenitor (hiPSC NPC MPRA),-1,0.0009105578064918518,1,0
2:57779438:A>G,2,neural progenitor (hiPSC NPC MPRA),-1,0.0009717792272567749,1,0
2:57787696:T>C,2,neural progenitor (hiPSC NPC MPRA),1,0.0,0,0
2:57794393:A>G,2,neural progenitor (hiPSC NPC MPRA),-1,0.0,0,0
2:57795874:A>T,2,neural progenitor (hiPSC NPC MPRA),-1,0.000321410596370697,1,0
2:57795999:T>C,2,neural progenitor (hiPSC NPC MPRA),1,0.0,0,0
2:57798802:T>C,2,neural progenitor (hiPSC NPC MPRA),1,0.0,0,0
2:57804894:C>G,2,neural progenitor (hiPSC NPC MPRA),1,-5.986541509628296e-05,-1,0
2:57816774:A>T,2,neural progenitor (hiPSC NPC MPRA),1,0.0,0,0
2:57817085:A>G,2,neural progenitor (hiPSC NPC MPRA),-1,0.0,0,0
2:57823121:A>G,2,neural progenitor (hiPSC NPC MPRA),-1,0.0029939115047454834,1,0
2:57838801:A>T,2,neural progenitor (hiPSC NPC MPRA),-1,0.0,0,0
2:57843944:A>T,2,neural progenitor (hiPSC NPC MPRA),1,0.0,0,0
2:57844458:A>C,2,neural progenitor (hiPSC NPC MPRA),-1,0.0,0,0
2:57844611:T>C,2,neural progenitor (hiPSC NPC MPRA),-1,0.0,0,0
2:57851804:T>G,2,neural progenitor (hiPSC NPC MPRA),-1,0.0019472911953926086,1,0
2:57856034:A>C,2,neural progenitor (hiPSC NPC MPRA),1,0.0,0,0
2:57865619:T>C,2,neural progenitor (hiPSC NPC MPRA),1,0.0,0,0
2:57883929:A>G,2,neural progenitor (hiPSC NPC MPRA),1,0.0025265365839004517,1,1
2:57889505:T>C,2,neural progenitor (hiPSC NPC MPRA),-1,0.0016095787286758423,1,0
2:57891987:A>G,2,neural progenitor (hiPSC NPC MPRA),1,-0.004592612385749817,-1,0
2:57897224:A>G,2,neural progenitor (hiPSC NPC MPRA),-1,0.0,0,0
2:57900512:A>G,2,neural progenitor (hiPSC NPC MPRA),-1,0.002199046313762665,1,0
2:57907323:A>G,2,neural progenitor (hiPSC NPC MPRA),-1,-0.00042447447776794434,-1,1
2:57908737:A>G,2,neural progenitor (hiPSC NPC MPRA),1,-0.0003679245710372925,-1,0
2:57909085:C>G,2,neural progenitor (hiPSC NPC MPRA),1,-0.005987010896205902,-1,0
2:57910483:T>C,2,neural progenitor (hiPSC NPC MPRA),-1,0.0,0,0
2:57911057:A>T,2,neural progenitor (hiPSC NPC MPRA),1,0.00013741850852966309,1,1
2:57916132:A>C,2,neural progenitor (hiPSC NPC MPRA),1,0.0,0,0
2:57916719:A>C,2,neural progenitor (hiPSC NPC MPRA),1,0.0,0,0
2:57921214:T>C,2,neural progenitor (hiPSC NPC MPRA),1,0.0,0,0
2:57922023:T>C,2,neural progenitor (hiPSC NPC MPRA),-1,0.001910194754600525,1,0
2:57926239:A>C,2,neural progenitor (hiPSC NPC MPRA),1,-0.00015491247177124023,-1,0
2:57926240:A>T,2,neural progenitor (hiPSC NPC MPRA),1,0.0,0,0
2:57928118:T>C,2,neural progenitor (hiPSC NPC MPRA),-1,0.00017265230417251587,1,0
2:57932988:A>C,2,neural progenitor (hiPSC NPC MPRA),1,0.0007210858166217804,1,1
2:57933470:A>G,2,neural progenitor (hiPSC NPC MPRA),1,0.0,0,0
2:57936011:T>G,2,neural progenitor (hiPSC NPC MPRA),1,0.0,0,0
2:57937088:A>G,2,neural progenitor (hiPSC NPC MPRA),1,0.003144875168800354,1,1
2:57937300:T>C,2,neural progenitor (hiPSC NPC MPRA),1,0.0,0,0
2:57937997:A>G,2,neural progenitor (hiPSC NPC MPRA),1,0.009156979620456696,1,1
2:57939333:T>C,2,neural progenitor (hiPSC NPC MPRA),-1,5.252659320831299e-06,1,0
2:57939625:T>C,2,neural progenitor (hiPSC NPC MPRA),-1,0.0009368136525154114,1,0
2:57940008:A>G,2,neural progenitor (hiPSC NPC MPRA),1,0.0014970749616622925,1,1
2:57940123:T>G,2,neural progenitor (hiPSC NPC MPRA),1,0.0021624937653541565,1,1
2:57949947:A>C,2,neural progenitor (hiPSC NPC MPRA),1,0.0,0,0
2:57980939:A>G,2,neural progenitor (hiPSC NPC MPRA),-1,0.002544619143009186,1,0
2:58004179:T>C,2,neural progenitor (hiPSC NPC MPRA),1,0.0,0,0
2:58045367:T>C,2,neural progenitor (hiPSC NPC MPRA),1,0.003621041774749756,1,1
2:58070529:A>G,2,neural progenitor (hiPSC NPC MPRA),1,0.0,0,0
2:58081323:A>G,2,neural progenitor (hiPSC NPC MPRA),1,0.0,0,0
2:58108546:T>C,2,neural progenitor (hiPSC NPC MPRA),1,-0.0003538280725479126,-1,0
2:58110951:A>G,2,neural progenitor (hiPSC NPC MPRA),1,-0.004787638783454895,-1,0
2:58117054:A>G,2,neural progenitor (hiPSC NPC MPRA),1,0.0,0,0
2:58133999:A>G,2,neural progenitor (hiPSC NPC MPRA),1,0.0,0,0
2:58135026:A>G,2,neural progenitor (hiPSC NPC MPRA),1,0.0,0,0
2:58149879:T>C,2,neural progenitor (hiPSC NPC MPRA),1,0.004349745810031891,1,1
2:58156685:T>C,2,neural progenitor (hiPSC NPC MPRA),-1,0.0,0,0
2:58164435:A>T,2,neural progenitor (hiPSC NPC MPRA),-1,-0.0002540498971939087,-1,1
2:58172770:C>G,2,neural progenitor (hiPSC NPC MPRA),1,0.0,0,0
2:58175346:C>G,2,neural progenitor (hiPSC NPC MPRA),-1,-0.006860995665192604,-1,1
2:58188980:A>C,2,neural progenitor (hiPSC NPC MPRA),1,0.0,0,0
2:58192514:A>C,2,neural progenitor (hiPSC NPC MPRA),-1,0.0,0,0
2:96717270:T>C,2,neural progenitor (hiPSC NPC MPRA),-1,0.0027706921100616455,1,0
2:96727041:A>G,2,neural progenitor (hiPSC NPC MPRA),1,0.0,0,0
2:96772253:T>C,2,neural progenitor (hiPSC NPC MPRA),1,-0.0023617446422576904,-1,0
2:96775906:A>G,2,neural progenitor (hiPSC NPC MPRA),-1,0.0011426657438278198,1,0
2:96788913:T>G,2,neural progenitor (hiPSC NPC MPRA),-1,0.004983440041542053,1,0
2:96792699:T>C,2,neural progenitor (hiPSC NPC MPRA),1,0.0,0,0
6:11732590:T>C,6,neural progenitor (hiPSC NPC MPRA),1,0.0,0,0
6:27844037:A>G,6,neural progenitor (hiPSC NPC MPRA),-1,0.0,0,0
6:27846035:T>G,6,neural progenitor (hiPSC NPC MPRA),1,0.0,0,0
6:27847716:A>C,6,neural progenitor (hiPSC NPC MPRA),-1,0.0,0,0
6:27847861:A>G,6,neural progenitor (hiPSC NPC MPRA),-1,0.001295626163482666,1,0
6:27856988:C>G,6,neural progenitor (hiPSC NPC MPRA),1,0.0,0,0
6:27866307:A>G,6,neural progenitor (hiPSC NPC MPRA),1,-0.002525925636291504,-1,0
6:27867440:A>G,6,neural progenitor (hiPSC NPC MPRA),1,0.0,0,0
6:27867494:T>C,6,neural progenitor (hiPSC NPC MPRA),-1,0.08372640609741211,1,0
6:27869198:T>C,6,neural progenitor (hiPSC NPC MPRA),1,0.0,0,0
6:27870986:C>G,6,neural progenitor (hiPSC NPC MPRA),1,0.007230162620544434,1,1
6:27878966:C>G,6,neural progenitor (hiPSC NPC MPRA),1,0.0,0,0
6:27886982:A>C,6,neural progenitor (hiPSC NPC MPRA),-1,0.0,0,0
6:27894374:T>C,6,neural progenitor (hiPSC NPC MPRA),1,0.2229156494140625,1,1
6:27898606:A>G,6,neural progenitor (hiPSC NPC MPRA),1,0.0,0,0
6:27899165:C>G,6,neural progenitor (hiPSC NPC MPRA),1,0.0,0,0
6:27901014:T>C,6,neural progenitor (hiPSC NPC MPRA),1,0.0,0,0
6:27910960:T>G,6,neural progenitor (hiPSC NPC MPRA),1,0.0014571025967597961,1,1
6:27911422:A>C,6,neural progenitor (hiPSC NPC MPRA),-1,0.0,0,0
6:27912204:A>G,6,neural progenitor (hiPSC NPC MPRA),-1,0.002400115132331848,1,0
6:27916234:T>C,6,neural progenitor (hiPSC NPC MPRA),-1,0.0,0,0
6:27970706:A>G,6,neural progenitor (hiPSC NPC MPRA),-1,0.002444520592689514,1,0
6:28002253:T>G,6,neural progenitor (hiPSC NPC MPRA),-1,0.0,0,0
6:28002927:A>C,6,neural progenitor (hiPSC NPC MPRA),-1,0.00343930721282959,1,0
6:28004655:A>T,6,neural progenitor (hiPSC NPC MPRA),-1,-0.005045071244239807,-1,1
6:28009717:T>C,6,neural progenitor (hiPSC NPC MPRA),1,0.00042808055877685547,1,1
6:28015835:T>G,6,neural progenitor (hiPSC NPC MPRA),1,0.0,0,0
6:28023229:A>G,6,neural progenitor (hiPSC NPC MPRA),-1,0.0,0,0
6:28025120:A>G,6,neural progenitor (hiPSC NPC MPRA),-1,0.0,0,0
6:28033832:T>C,6,neural progenitor (hiPSC NPC MPRA),1,0.0014779120683670044,1,1
6:28056708:C>G,6,neural progenitor (hiPSC NPC MPRA),-1,4.594773054122925e-05,1,0
6:28065309:T>C,6,neural progenitor (hiPSC NPC MPRA),1,0.002743557095527649,1,1
6:28065618:A>C,6,neural progenitor (hiPSC NPC MPRA),1,0.0,0,0
6:28071151:A>G,6,neural progenitor (hiPSC NPC MPRA),1,0.0,0,0
6:28073041:A>T,6,neural progenitor (hiPSC NPC MPRA),1,0.0,0,0
6:28074687:C>G,6,neural progenitor (hiPSC NPC MPRA),1,0.0005180910229682922,1,1
6:28076704:A>G,6,neural progenitor (hiPSC NPC MPRA),-1,-0.0008557066321372986,-1,1
6:28078391:A>C,6,neural progenitor (hiPSC NPC MPRA),1,0.0,0,0
6:28082269:A>T,6,neural progenitor (hiPSC NPC MPRA),-1,0.0,0,0
6:28098023:T>C,6,neural progenitor (hiPSC NPC MPRA),1,0.0005102008581161499,1,1
6:28098110:T>C,6,neural progenitor (hiPSC NPC MPRA),1,-0.0020367205142974854,-1,0
6:28108492:A>G,6,neural progenitor (hiPSC NPC MPRA),1,0.0021007955074310303,1,1
6:28110525:A>G,6,neural progenitor (hiPSC NPC MPRA),-1,0.0,0,0
6:28110578:A>G,6,neural progenitor (hiPSC NPC MPRA),-1,8.915364742279053e-05,1,0
6:28111650:T>C,6,neural progenitor (hiPSC NPC MPRA),1,0.0,0,0
6:28114933:T>C,6,neural progenitor (hiPSC NPC MPRA),1,6.227195262908936e-05,1,1
6:28115743:C>G,6,neural progenitor (hiPSC NPC MPRA),1,0.0015573278069496155,1,1
6:28124825:T>G,6,neural progenitor (hiPSC NPC MPRA),-1,0.01977163553237915,1,0
6:28126953:T>C,6,neural progenitor (hiPSC NPC MPRA),1,0.0010180026292800903,1,1
6:28128502:A>G,6,neural progenitor (hiPSC NPC MPRA),1,-0.001010790467262268,-1,0
6:28133900:C>G,6,neural progenitor (hiPSC NPC MPRA),1,0.0,0,0
6:28136698:T>C,6,neural progenitor (hiPSC NPC MPRA),1,0.0,0,0
6:28136856:T>G,6,neural progenitor (hiPSC NPC MPRA),-1,0.0,0,0
6:28137418:T>C,6,neural progenitor (hiPSC NPC MPRA),1,0.0,0,0
6:28139876:T>C,6,neural progenitor (hiPSC NPC MPRA),1,0.0031119883060455322,1,1
6:28141010:T>C,6,neural progenitor (hiPSC NPC MPRA),1,0.0,0,0
6:28143336:A>G,6,neural progenitor (hiPSC NPC MPRA),-1,0.002229452133178711,1,0
6:28144784:A>G,6,neural progenitor (hiPSC NPC MPRA),1,0.00031303614377975464,1,1
6:28145595:A>G,6,neural progenitor (hiPSC NPC MPRA),1,0.0020386725664138794,1,1
6:28147558:A>T,6,neural progenitor (hiPSC NPC MPRA),-1,0.0,0,0
6:28149665:C>G,6,neural progenitor (hiPSC NPC MPRA),1,-0.0016191452741622925,-1,0
6:28151096:T>G,6,neural progenitor (hiPSC NPC MPRA),-1,0.0,0,0
6:28164580:A>C,6,neural progenitor (hiPSC NPC MPRA),1,0.0006377547979354858,1,1
6:28165528:A>G,6,neural progenitor (hiPSC NPC MPRA),-1,0.0004918873310089111,1,0
6:28168578:A>G,6,neural progenitor (hiPSC NPC MPRA),-1,0.0,0,0
6:28169676:A>G,6,neural progenitor (hiPSC NPC MPRA),-1,0.0,0,0
6:28176973:A>G,6,neural progenitor (hiPSC NPC MPRA),-1,0.0018270835280418396,1,0
6:28179607:A>G,6,neural progenitor (hiPSC NPC MPRA),1,0.0,0,0
6:28180077:A>G,6,neural progenitor (hiPSC NPC MPRA),-1,0.0,0,0
6:28182464:A>G,6,neural progenitor (hiPSC NPC MPRA),1,0.0,0,0
6:28183100:T>C,6,neural progenitor (hiPSC NPC MPRA),1,0.0,0,0
6:28186119:T>G,6,neural progenitor (hiPSC NPC MPRA),1,0.0009435415267944336,1,1
6:28194691:T>C,6,neural progenitor (hiPSC NPC MPRA),1,-0.005401577800512314,-1,0
6:28200255:A>G,6,neural progenitor (hiPSC NPC MPRA),-1,0.0015159621834754944,1,0
6:28201463:A>G,6,neural progenitor (hiPSC NPC MPRA),1,0.0,0,0
6:28205175:A>G,6,neural progenitor (hiPSC NPC MPRA),-1,0.0,0,0
6:28230678:T>C,6,neural progenitor (hiPSC NPC MPRA),-1,0.0024303048849105835,1,0
6:28231986:A>G,6,neural progenitor (hiPSC NPC MPRA),1,0.0005898550152778625,1,1
6:28232159:C>G,6,neural progenitor (hiPSC NPC MPRA),1,0.0,0,0
6:28233753:A>G,6,neural progenitor (hiPSC NPC MPRA),-1,0.0,0,0
6:28239585:T>C,6,neural progenitor (hiPSC NPC MPRA),1,-0.000586681067943573,-1,0
6:28242910:T>C,6,neural progenitor (hiPSC NPC MPRA),-1,0.0,0,0
6:28255953:T>C,6,neural progenitor (hiPSC NPC MPRA),1,0.002241775393486023,1,1
6:28260564:A>G,6,neural progenitor (hiPSC NPC MPRA),1,0.0013837367296218872,1,1
6:28273214:T>G,6,neural progenitor (hiPSC NPC MPRA),-1,4.933774471282959e-05,1,0
6:28273304:A>G,6,neural progenitor (hiPSC NPC MPRA),-1,0.0,0,0
6:28275265:A>G,6,neural progenitor (hiPSC NPC MPRA),-1,0.0,0,0
6:28287263:C>G,6,neural progenitor (hiPSC NPC MPRA),1,0.0,0,0
6:28289600:T>C,6,neural progenitor (hiPSC NPC MPRA),-1,0.0015767738223075867,1,0
6:28310911:A>G,6,neural progenitor (hiPSC NPC MPRA),-1,0.0,0,0
6:28318208:A>G,6,neural progenitor (hiPSC NPC MPRA),-1,0.0,0,0
6:28322870:T>C,6,neural progenitor (hiPSC NPC MPRA),1,0.0003740042448043823,1,1
6:28329086:A>C,6,neural progenitor (hiPSC NPC MPRA),-1,0.0,0,0
6:28333366:T>C,6,neural progenitor (hiPSC NPC MPRA),1,0.0016703009605407715,1,1
6:28335007:A>G,6,neural progenitor (hiPSC NPC MPRA),-1,0.010875731706619263,1,0
6:28337827:A>G,6,neural progenitor (hiPSC NPC MPRA),-1,0.0,0,0
6:28338035:A>C,6,neural progenitor (hiPSC NPC MPRA),1,0.0,0,0
6:28340970:A>T,6,neural progenitor (hiPSC NPC MPRA),-1,-6.385892629623413e-05,-1,1
6:28348181:A>T,6,neural progenitor (hiPSC NPC MPRA),1,-0.0011925473809242249,-1,0
6:28351330:A>G,6,neural progenitor (hiPSC NPC MPRA),1,0.0055415332317352295,1,1
6:28354519:A>G,6,neural progenitor (hiPSC NPC MPRA),-1,0.003489762544631958,1,0
6:28356620:T>C,6,neural progenitor (hiPSC NPC MPRA),1,0.0005296170711517334,1,1
6:28357531:T>C,6,neural progenitor (hiPSC NPC MPRA),-1,0.0,0,0
6:28358654:A>G,6,neural progenitor (hiPSC NPC MPRA),-1,0.0,0,0
6:28374100:T>C,6,neural progenitor (hiPSC NPC MPRA),1,0.0011611580848693848,1,1
6:28375566:A>G,6,neural progenitor (hiPSC NPC MPRA),-1,0.0,0,0
6:28377249:A>C,6,neural progenitor (hiPSC NPC MPRA),1,0.0,0,0
6:28377306:T>C,6,neural progenitor (hiPSC NPC MPRA),1,0.0,0,0
6:28377505:T>C,6,neural progenitor (hiPSC NPC MPRA),1,0.0,0,0
6:28385657:A>C,6,neural progenitor (hiPSC NPC MPRA),1,0.004082128405570984,1,1
6:28386473:T>G,6,neural progenitor (hiPSC NPC MPRA),-1,0.0,0,0
6:28386756:T>C,6,neural progenitor (hiPSC NPC MPRA),1,0.0,0,0
6:28394552:T>C,6,neural progenitor (hiPSC NPC MPRA),1,0.0,0,0
6:28397172:A>G,6,neural progenitor (hiPSC NPC MPRA),1,0.0,0,0
6:28398374:A>G,6,neural progenitor (hiPSC NPC MPRA),1,0.0036043375730514526,1,1
6:28405378:A>G,6,neural progenitor (hiPSC NPC MPRA),-1,0.0,0,0
6:28413568:T>C,6,neural progenitor (hiPSC NPC MPRA),-1,0.001309514045715332,1,0
6:28414749:A>G,6,neural progenitor (hiPSC NPC MPRA),1,1.16005539894104e-05,1,1
6:28418180:A>G,6,neural progenitor (hiPSC NPC MPRA),1,0.0,0,0
6:28420988:C>G,6,neural progenitor (hiPSC NPC MPRA),1,0.0,0,0
6:28422360:A>T,6,neural progenitor (hiPSC NPC MPRA),1,0.0,0,0
6:28424210:T>C,6,neural progenitor (hiPSC NPC MPRA),-1,0.0014415830373764038,1,0
6:28427660:T>C,6,neural progenitor (hiPSC NPC MPRA),-1,0.0,0,0
6:28431469:A>G,6,neural progenitor (hiPSC NPC MPRA),1,0.0,0,0
6:28435448:T>C,6,neural progenitor (hiPSC NPC MPRA),1,0.0,0,0
6:28435826:T>C,6,neural progenitor (hiPSC NPC MPRA),1,0.0007038787007331848,1,1
6:28438158:A>G,6,neural progenitor (hiPSC NPC MPRA),1,-0.0011364743113517761,-1,0
6:28438359:A>T,6,neural progenitor (hiPSC NPC MPRA),-1,0.0,0,0
6:28443526:A>G,6,neural progenitor (hiPSC NPC MPRA),1,-0.0017383098602294922,-1,0
6:50815788:A>G,6,neural progenitor (hiPSC NPC MPRA),1,0.0,0,0
6:50822929:T>C,6,neural progenitor (hiPSC NPC MPRA),-1,0.0,0,0
6:50849005:A>G,6,neural progenitor (hiPSC NPC MPRA),1,0.008081287145614624,1,1
6:50863481:A>G,6,neural progenitor (hiPSC NPC MPRA),-1,0.0024553239345550537,1,0
6:50866666:T>C,6,neural progenitor (hiPSC NPC MPRA),1,0.0008991211652755737,1,1
6:50885766:T>C,6,neural progenitor (hiPSC NPC MPRA),-1,0.004304610192775726,1,0
6:50902155:A>G,6,neural progenitor (hiPSC NPC MPRA),-1,0.0,0,0
6:50906337:T>C,6,neural progenitor (hiPSC NPC MPRA),-1,0.0,0,0
6:50907109:T>C,6,neural progenitor (hiPSC NPC MPRA),-1,0.0015657246112823486,1,0
6:50922135:A>G,6,neural progenitor (hiPSC NPC MPRA),1,0.0,0,0
6:50922862:T>G,6,neural progenitor (hiPSC NPC MPRA),1,-0.0005023330450057983,-1,0
6:50946874:T>C,6,neural progenitor (hiPSC NPC MPRA),1,0.0009405985474586487,1,1
6:50962885:T>C,6,neural progenitor (hiPSC NPC MPRA),-1,0.0,0,0
6:50964049:A>G,6,neural progenitor (hiPSC NPC MPRA),1,0.0,0,0
6:72413669:A>C,6,neural progenitor (hiPSC NPC MPRA),1,0.0024323314428329468,1,1
6:72439822:T>C,6,neural progenitor (hiPSC NPC MPRA),1,0.0,0,0
6:72454249:A>G,6,neural progenitor (hiPSC NPC MPRA),-1,0.001022927463054657,1,0
6:83515639:A>C,6,neural progenitor (hiPSC NPC MPRA),-1,0.0,0,0
6:83522109:A>G,6,neural progenitor (hiPSC NPC MPRA),1,0.0007290095090866089,1,1
6:83540265:A>G,6,neural progenitor (hiPSC NPC MPRA),1,0.0017348676919937134,1,1
6:83570203:T>G,6,neural progenitor (hiPSC NPC MPRA),1,0.0,0,0
6:83590652:T>C,6,neural progenitor (hiPSC NPC MPRA),-1,0.0,0,0
6:83597137:A>C,6,neural progenitor (hiPSC NPC MPRA),-1,0.0,0,0
6:83607814:A>T,6,neural progenitor (hiPSC NPC MPRA),1,0.002889007329940796,1,1
6:83634172:A>T,6,neural progenitor (hiPSC NPC MPRA),-1,2.4922192096710205e-05,1,0
6:83647425:A>T,6,neural progenitor (hiPSC NPC MPRA),1,0.0,0,0
6:83652771:T>C,6,neural progenitor (hiPSC NPC MPRA),-1,0.0,0,0
6:83659705:T>C,6,neural progenitor (hiPSC NPC MPRA),1,0.000517137348651886,1,1
6:83660150:T>C,6,neural progenitor (hiPSC NPC MPRA),1,0.0009171217679977417,1,1
6:83663339:A>G,6,neural progenitor (hiPSC NPC MPRA),1,0.0,0,0
6:83681155:A>T,6,neural progenitor (hiPSC NPC MPRA),1,0.0,0,0
6:83684223:T>C,6,neural progenitor (hiPSC NPC MPRA),1,0.0012946128845214844,1,1
6:98066426:A>G,6,neural progenitor (hiPSC NPC MPRA),-1,0.0,0,0
6:98084898:T>C,6,neural progenitor (hiPSC NPC MPRA),1,0.0,0,0
6:98107396:T>C,6,neural progenitor (hiPSC NPC MPRA),1,0.0,0,0
6:98117336:T>C,6,neural progenitor (hiPSC NPC MPRA),-1,0.0,0,0
6:98130635:T>C,6,neural progenitor (hiPSC NPC MPRA),1,0.0027645081281661987,1,1
6:98136839:A>T,6,neural progenitor (hiPSC NPC MPRA),1,0.0,0,0
6:98136844:T>G,6,neural progenitor (hiPSC NPC MPRA),-1,0.0,0,0
6:98174827:T>C,6,neural progenitor (hiPSC NPC MPRA),-1,0.0,0,0
